campaign,Heat number (life number),Total Heat Time previous (minutes),Total Heat Time (minutes),Scrap (MT),Sponge (MT),Hot Heel (MT),Alloys (MT),Input (MT),Final C%,Tapping Temperature (C),Output (MT),Input energy previous (KWH),Input energy (KWH),Previous Voltage,Previous Frequency,Previous Rating of the Furnace,Voltage,Frequency,Rating of the furnace (KW),Melt rate (MT/Hr),Efficiency (MT/KWH),Number of capacitors removed,Refractory lining before heating,Refractory lining after heating,Previous Input,Previous Output,Power,Power previous
1,1,0,130,0,39.46707317,0,0.28,39.74707317,0.201,1693,32.643,0,25950.00985,0,0,0,3728,273,3728,15.066,0.001257919,0,6.75,6.687037044,0,0,11976.92762,0
1,2,130,135,11,23.53170732,0,0.39,34.92170732,0.204,1685,30.466,25950.00985,20315.33812,3728,273,3728,3740,274,3740,13.54044444,0.001499655,0,6.687037044,6.624074089,39.74707317,32.643,9029.039164,11976.92762
1,3,135,125,12,19.67804878,0,0.394,32.07204878,0.203,1633,28.29,20315.33812,17880.32673,3740,274,3740,3731,275,3731,13.5792,0.001582186,0,6.624074089,6.561111133,34.92170732,30.466,8582.55683,9029.039164
1,4,125,110,12,16.95609756,0,0.45,29.40609756,0.192,1686,26.114,17880.32673,16040.3417,3731,275,3731,3764,270,3764,14.244,0.00162802,0,6.561111133,6.498148178,32.07204878,28.29,8749.277291,8582.55683
1,5,110,115,13,17.03292683,0,0.495,30.52792683,0.196,1689,27.202,16040.3417,17353.32549,3764,270,3764,3756,274,3756,14.19234783,0.001567538,0,6.498148178,6.435185222,29.40609756,26.114,9053.908951,8749.277291
1,6,115,105,15,16,0,0.47,31.47,0.194,1686,28.29,17353.32549,16948.34097,3756,274,3756,3675,275,3675,16.16571429,0.00166919,0,6.435185222,6.372222267,30.52792683,27.202,9684.766269,9053.908951
1,7,105,115,16,13.57560976,0,0.39,29.96560976,0.244,1679,27.202,16948.34097,17846.33453,3675,275,3675,3676,277,3676,14.19234783,0.001524235,0,6.372222267,6.309259311,31.47,28.29,9311.131059,9684.766269
1,8,115,125,19,11.27439024,0,0.425,30.69939024,0.184,1716,28.29,17846.33453,18687.32727,3676,277,3676,3673,277,3673,13.5792,0.00151386,0,6.309259311,6.246296356,29.96560976,27.202,8969.91709,9311.131059
1,9,125,120,17,14.96097561,0,0.45,32.41097561,0.182,1719,29.378,18687.32727,19207.04262,3673,277,3673,3429,276,3429,14.689,0.001529543,0,6.246296356,6.1833334,30.69939024,28.29,9603.52131,8969.91709
1,10,120,130,14,22.51585366,0,0.46,36.97585366,0.216,1688,32.643,19207.04262,20188.06335,3429,276,3429,3677,277,3677,15.066,0.001616946,0,6.1833334,6.120370444,32.41097561,29.378,9317.5677,9603.52131
1,11,130,130,15,21.2597561,0,0.51,36.7697561,0.198,1687,32.643,20188.06335,20527.06091,3677,277,3677,3657,277,3657,15.066,0.001590242,0,6.120370444,6.057407489,36.97585366,32.643,9474.028112,9317.5677
1,12,130,120,17,16.29390244,0,0.445,33.73890244,0.186,1679,30.466,20527.06091,18480.03581,3657,277,3657,3645,278,3645,15.233,0.00164859,0,6.057407489,5.994444533,36.7697561,32.643,9240.017905,9474.028112
1,13,120,115,15,15.95731707,0,0.505,31.46231707,0.208,1678,28.29,18480.03581,17941.03707,3645,278,3645,3600,279,3600,14.76,0.001576832,0,5.994444533,5.931481578,33.73890244,30.466,9360.54108,9240.017905
1,14,115,110,16,15.49878049,0,0.445,31.94378049,0.208,1685,28.834,17941.03707,17697.0405,3600,279,3600,3616,279,3616,15.72763636,0.001629312,0,5.931481578,5.868518622,31.46231707,28.29,9652.931182,9360.54108
1,15,110,125,15,18.72682927,0,0.41,34.13682927,0.218,1682,30.466,17697.0405,19012.06357,3616,279,3616,3595,280,3595,14.62368,0.001602456,0,5.868518622,5.805555667,31.94378049,28.834,9125.790514,9652.931182
1,16,125,115,8,25.7597561,0,0.415,34.1747561,0.216,1666,29.378,19012.06357,17712.05496,3595,280,3595,3611,279,3611,15.32765217,0.001658644,0,5.805555667,5.742592711,34.13682927,30.466,9241.072153,9125.790514
1,17,115,140,12,24.94268293,0,0.43,37.37268293,0.201,1669,32.643,17712.05496,20196.06089,3611,279,3611,3572,285,3572,13.98985714,0.001616305,1,5.742592711,5.679629756,34.1747561,29.378,8655.454667,9241.072153
1,18,140,125,12,25.01585366,0,0.37,37.38585366,0.249,1680,32.643,20196.06089,18928.04355,3572,285,3572,3594,285,3594,15.66864,0.001724584,1,5.679629756,5.6166668,37.37268293,32.643,9085.460904,8655.454667
1,19,125,115,12,22.36707317,0,0.365,34.73207317,0.214,1641,30.466,18928.04355,18344.03559,3594,285,3594,3574,286,3574,15.89530435,0.001660812,1,5.6166668,5.553703844,37.38585366,32.643,9570.801177,9085.460904
1,20,115,125,7,29.54268293,0,0.47,37.01268293,0.239,1685,31.555,18344.03559,19161.83686,3574,286,3574,3538,287,3538,15.1464,0.001646763,1,5.553703844,5.490740889,34.73207317,30.466,9197.681693,9570.801177
1,21,125,120,6,29.47073171,0,0.42,35.89073171,0.242,1681,30.466,19161.83686,18188.84179,3538,287,3538,3519,287,3519,15.233,0.001674983,1,5.490740889,5.427777933,37.01268293,31.555,9094.420895,9197.681693
1,22,120,125,8,27.0804878,0,0.42,35.5004878,0.186,1682,30.466,18188.84179,18868.84291,3519,287,3519,3479,289,3479,14.62368,0.001614619,1,5.427777933,5.364814978,35.89073171,30.466,9057.044597,9094.420895
1,23,125,120,6,27.43170732,0,0.46,33.89170732,0.193,1684,28.834,18868.84291,18316.82733,3479,289,3479,3434,290,3434,14.417,0.001574181,1,5.364814978,5.301852022,35.5004878,30.466,9158.413665,9057.044597
1,24,120,130,12,19.65853659,0,0.41,32.06853659,0.208,1683,28.29,18316.82733,19119.82479,3434,290,3434,3380,292,3380,13.05692308,0.001479616,1,5.301852022,5.238889067,33.89170732,28.834,8824.534518,9158.413665
1,25,130,120,8,27.73170732,0,0.43,36.16170732,0.206,1675,31.01,19119.82479,18337.82552,3380,292,3380,3351,292,3351,15.505,0.00169104,1,5.238889067,5.175926111,32.06853659,28.29,9168.91276,8824.534518
1,26,120,120,12,20.94268293,0,0.445,33.38768293,0.207,1682,29.378,18337.82552,18251.81695,3351,292,3351,3497,301,3497,14.689,0.001609593,2,5.175926111,5.112963156,36.16170732,31.01,9125.908475,9168.91276
1,27,120,120,3,31.68170732,0,0.459,35.14070732,0.199,1640,29.378,18251.81695,18815.81579,3497,301,3497,3401,303,3401,14.689,0.001561346,2,5.112963156,5.0500002,33.38768293,29.378,9407.907895,9125.908475
1,28,120,135,3,29.12439024,0,0.38,32.50439024,0.2,1675,27.202,18815.81579,18835.83449,3401,303,3401,3364,303,3364,12.08977778,0.001444162,2,5.0500002,4.987037244,35.14070732,29.378,8371.481996,9407.907895
1,29,135,175,9,27.14268293,0,0.478,36.62068293,0.194,1659,31.555,18835.83449,17306.84463,3364,303,3364,3335,303,3335,10.81885714,0.001823267,2,4.987037244,4.924074289,32.50439024,27.202,5933.775302,8371.481996
1,30,175,135,13,25.11341463,0,0.398,38.51141463,0.208,1692,33.731,17306.84463,20197.81922,3335,303,3335,3437,314,3437,14.99155556,0.001670032,3,4.924074289,4.861111333,36.62068293,31.555,8976.808542,5933.775302
1,31,135,125,10,25.95731707,0,0.47,36.42731707,0.216,1683,31.555,20197.81922,19663.49825,3437,314,3437,3425,315,3425,15.1464,0.00160475,3,4.861111333,4.798148378,38.51141463,33.731,9438.47916,8976.808542
1,32,125,130,5,34.63536585,0,0.43,40.06536585,0.184,1679,33.731,19663.49825,20953.49481,3425,315,3425,3463,320,3463,15.56815385,0.001609803,4,4.798148378,4.735185422,36.42731707,31.555,9670.843758,9438.47916
1,33,130,120,12,22.31463415,0,0.408,34.72263415,0.194,1695,30.466,20953.49481,18913.50606,3463,320,3463,3368,316,3368,15.233,0.001610807,3,4.735185422,4.672222467,40.06536585,33.731,9456.75303,9670.843758
1,34,120,125,7,28.28780488,0,0.41,35.69780488,0.209,1683,30.466,18913.50606,19991.51501,3368,316,3368,3307,318,3307,14.62368,0.001523947,3,4.672222467,4.609259511,34.72263415,30.466,9595.927205,9456.75303
1,35,125,125,13,22.55609756,0,0.319,35.87509756,0.191,1682,31.555,19991.51501,19000.49615,3307,318,3307,3415,329,3415,15.1464,0.001660746,5,4.609259511,4.546296556,35.69780488,30.466,9120.238152,9595.927205
1,36,125,120,23,6.579268293,0,0.355,29.93426829,0.206,1688,28.29,19000.49615,17718.50793,3415,329,3415,3362,323,3362,14.145,0.001596636,4,4.546296556,4.4833336,35.87509756,31.555,8859.253965,9120.238152
1,37,120,120,12,21.08658537,0,0.327,33.41358537,0.207,1676,29.378,17718.50793,18028.48539,3362,323,3362,3545,340,3545,14.689,0.001629532,6,4.4833336,4.420370644,29.93426829,28.29,9014.242695,8859.253965
1,38,120,120,7,28.3695122,0,0.343,35.7125122,0.234,1677,30.466,18028.48539,18360.48723,3545,340,3545,3316,332,3316,15.233,0.001659324,5,4.420370644,4.357407689,33.41358537,29.378,9180.243615,9014.242695
1,39,120,125,11,23.68414634,0,0.265,34.94914634,0.22,1652,30.466,18360.48723,18177.50843,3316,332,3316,3336,331,3336,14.62368,0.001676027,5,4.357407689,4.294444733,35.7125122,30.466,8725.204046,9180.243615
1,40,125,115,3,29.81829268,0,0.355,33.17329268,0.215,1689,27.746,18177.50843,16568.49615,3336,331,3336,3305,316,3305,14.47617391,0.001674624,3,4.294444733,4.231481778,34.94914634,30.466,8644.432774,8725.204046
1,41,115,120,10,27.36341463,0,0.405,37.76841463,0.212,1680,32.643,16568.49615,18826.49118,3305,316,3305,3339,347,3339,16.3215,0.001733887,6,4.231481778,4.168518822,33.17329268,27.746,9413.24559,8644.432774
1,42,120,125,9,26.05609756,0,0.28,35.33609756,0.219,1689,30.466,18826.49118,18252.88132,3339,347,3339,3409,354,3409,14.62368,0.001669106,7,4.168518822,4.105555867,37.76841463,32.643,8761.383034,9413.24559
1,43,125,130,4,30.57804878,0,0.384,34.96204878,0.199,1690,29.378,18252.88132,19300.87595,3409,354,3409,3399,354,3399,13.55907692,0.001522107,7,4.105555867,4.042592911,35.33609756,30.466,8908.096592,8761.383034
1,44,130,135,5,32.05487805,0,0.37,37.42487805,0.219,1690,31.555,19300.87595,19312.89065,3399,354,3399,3326,346,3326,14.02444444,0.001633883,6,4.042592911,3.979629956,34.96204878,29.378,8583.506956,8908.096592
1,46,135,145,7,31.01585366,0,0.35,38.36585366,0.215,1661,32.643,19312.89065,21677.88987,3326,346,3326,3375,374,3375,13.50744828,0.00150582,8,3.979629956,3.916667,37.42487805,31.555,8970.161326,8583.506956
2,1,0,560,0,36.26463415,0,0.185,36.44963415,0.196,1682,29.922,0,29216.88807,0,0,0,3594,275,3594,3.205928571,0.001024134,0,6.75,6.666666676,0,0,3130.380865,8970.161326
2,2,560,135,7,26.97926829,0,0.395,34.37426829,0.254,1685,29.378,29216.88807,19156.89437,3594,275,3594,3656,275,3656,13.05688889,0.001533547,0,6.666666676,6.583333353,36.44963415,29.922,8514.175276,3130.380865
2,3,135,130,8,27.1902439,0,0.33,35.5202439,0.242,1660,30.466,19156.89437,19816.88389,3656,275,3656,3646,275,3646,14.06123077,0.001537376,0,6.583333353,6.500000029,34.37426829,29.378,9146.254103,8514.175276
2,4,130,170,6,29.55243902,0,0.353,35.90543902,0.209,1692,30.466,19816.88389,19460.00517,3646,275,3646,3648,275,3648,10.75270588,0.00156557,0,6.500000029,6.416666706,35.5202439,30.466,6868.237119,9146.254103
2,5,170,125,7,28.34756098,0,0.361,35.70856098,0.209,1686,30.466,19460.00517,19491.99447,3648,275,3648,3611,277,3611,14.62368,0.001563001,0,6.416666706,6.333333382,35.90543902,30.466,9356.157346,6868.237119
2,6,125,130,7,23.69512195,0,0.368,31.06312195,0.224,1683,26.658,19491.99447,17060.98671,3611,277,3611,3622,276,3622,12.30369231,0.001562512,0,6.333333382,6.250000059,35.70856098,30.466,7874.301558,9356.157346
2,7,130,145,7,24.35609756,0,0.37,31.72609756,0.211,1695,27.202,17060.98671,18380.01057,3622,276,3622,3594,277,3594,11.256,0.001479977,0,6.250000059,6.166666735,31.06312195,26.658,7605.521615,7874.301558
2,8,145,110,5,28.11585366,0,0.335,33.45085366,0.221,1668,28.29,18380.01057,17620.00215,3594,277,3594,3695,277,3695,15.43090909,0.001605562,0,6.166666735,6.083333412,31.72609756,27.202,9610.910264,7605.521615
2,9,110,110,7,22.40243902,0,0.34,29.74243902,0.216,1684,25.57,17620.00215,17710.01213,3695,277,3695,3613,282,3613,13.94727273,0.001443816,0,6.083333412,6.000000088,33.45085366,28.29,9660.006616,9610.910264
2,10,110,120,8,27.11707317,0,0.39,35.50707317,0.206,1686,30.466,17710.01213,18933.0043,3613,282,3613,3610,283,3610,15.233,0.001609148,0,6.000000088,5.916666765,29.74243902,25.57,9466.50215,9660.006616
2,11,120,115,14,18.65609756,0,0.36,33.01609756,0.2,1682,29.378,18933.0043,18358.98789,3610,283,3610,3540,279,3540,15.32765217,0.001600197,0,5.916666765,5.833333441,35.50707317,30.466,9578.602377,9466.50215
2,12,115,115,12,21.05853659,0,0.35,33.40853659,0.202,1675,29.378,18358.98789,17676.00815,3540,279,3540,3511,280,3511,15.32765217,0.001662027,0,5.833333441,5.750000118,33.01609756,29.378,9222.265122,9578.602377
2,13,115,135,13,19.82682927,0,0.38,33.20682927,0.199,1685,29.378,17676.00815,18833.00192,3511,280,3511,3477,280,3477,13.05688889,0.001559921,0,5.750000118,5.666666794,33.40853659,29.378,8370.223076,9222.265122
2,14,135,120,14,21.29878049,0,0.37,35.66878049,0.199,1685,31.555,18833.00192,18320.01257,3477,280,3477,3472,281,3472,15.7775,0.001722433,0,5.666666794,5.583333471,33.20682927,29.378,9160.006285,8370.223076
2,15,120,125,4,30.62560976,0,0.345,34.97060976,0.204,1689,29.378,18320.01257,18498.00459,3472,281,3472,3419,282,3419,14.10144,0.001588171,0,5.583333471,5.500000147,35.66878049,31.555,8879.042203,9160.006285
2,16,125,140,0,35.4,0,0.35,35.75,0.216,1689,29.378,18498.00459,18328.99296,3419,282,3419,3451,282,3451,12.59057143,0.001602816,0,5.500000147,5.416666824,34.97060976,29.378,7855.282697,8879.042203
2,17,140,120,0,35.44268293,0,0.315,35.75768293,0.231,1648,29.378,18328.99296,17257.98859,3451,282,3451,3555,296,3555,14.689,0.001702284,2,5.416666824,5.3333335,35.75,29.378,8628.994295,7855.282697
2,18,120,110,0,31.45,0,0.325,31.775,0.291,1673,26.114,17257.98859,17085.00616,3555,296,3555,3444,281,3444,14.244,0.001528475,0,5.3333335,5.250000176,35.75768293,29.378,9319.094269,8628.994295
2,19,110,110,2,29.55853659,0,0.46,32.01853659,0.215,1643,26.658,17085.00616,16794.99319,3444,281,3444,3476,286,3476,14.54072727,0.001587259,1,5.250000176,5.166666853,31.775,26.114,9160.905376,9319.094269
2,20,110,220,2,35.65731707,0,0.356,38.01331707,0.192,1671,31.555,16794.99319,18492.99708,3476,286,3476,3458,297,3458,8.605909091,0.001706322,2,5.166666853,5.083333529,32.01853659,26.658,5043.544658,9160.905376
2,21,220,120,0,32.75243902,0,0.345,33.09743902,0.239,1664,27.202,18492.99708,19060.00617,3458,297,3458,3543,294,3543,13.601,0.001427177,2,5.083333529,5.000000206,38.01331707,31.555,9530.003085,5043.544658
2,22,120,120,0,30.6402439,0,0.445,31.0852439,0.196,1687,25.57,19060.00617,17329.99079,3543,294,3543,3468,298,3468,12.785,0.001475477,2,5.000000206,4.916666882,33.09743902,27.202,8664.995395,9530.003085
2,23,120,115,0,34.1097561,0,0.32,34.4297561,0.213,1687,28.29,17329.99079,16976.00859,3468,298,3468,3398,300,3398,14.76,0.001666469,2,4.916666882,4.833333559,31.0852439,25.57,8857.04796,8664.995395
2,24,115,130,0,32.79878049,0,0.307,33.10578049,0.251,1687,27.202,16976.00859,17786.0005,3398,300,3398,3230,301,3230,12.55476923,0.001529405,2,4.833333559,4.750000235,34.4297561,28.29,8208.923308,8857.04796
2,25,130,115,0,32.71585366,0,0.375,33.09085366,0.272,1658,27.202,17786.0005,17118.00098,3230,301,3230,3346,301,3346,14.19234783,0.001589087,2,4.750000235,4.666666912,33.10578049,27.202,8931.130946,8208.923308
2,26,115,120,0,38.07926829,0,0.33,38.40926829,0.223,1682,31.555,17118.00098,19099.01086,3346,301,3346,3362,315,3362,15.7775,0.00165218,3,4.666666912,4.583333588,33.09085366,27.202,9549.50543,8931.130946
2,27,120,125,0,35.90487805,0,0.48,36.38487805,0.232,1668,29.922,19099.01086,18747.98816,3362,315,3362,3467,326,3467,14.36256,0.001596011,5,4.583333588,4.500000265,38.40926829,31.555,8999.034317,9549.50543
2,28,125,125,2,34.82560976,0,0.493,37.31860976,0.222,1683,31.01,18747.98816,19772.00701,3467,326,3467,3340,324,3340,14.8848,0.001568379,4,4.500000265,4.416666941,36.38487805,29.922,9490.563365,8999.034317
2,29,125,185,0,36.48902439,0,0.545,37.03402439,0.227,1684,30.466,19772.00701,19501.01241,3340,324,3340,3552,339,3552,9.880864865,0.001562278,6,4.416666941,4.333333618,37.31860976,31.01,6324.652674,9490.563365
2,30,185,120,0,36.5195122,0,0.52,37.0395122,0.242,1685,30.466,19501.01241,18936.99535,3552,339,3552,3583,340,3583,15.233,0.001608809,6,4.333333618,4.250000294,37.03402439,30.466,9468.497675,6324.652674
2,31,120,125,0,33.86585366,0,0.52,34.38585366,0.228,1691,28.29,18936.99535,18269.99319,3583,340,3583,3461,342,3461,13.5792,0.001548441,6,4.250000294,4.166666971,37.0395122,30.466,8769.596731,9468.497675
2,32,125,125,0,36.55609756,0,0.49,37.04609756,0.264,1663,30.466,18269.99319,18547.00008,3461,342,3461,3402,345,3402,14.62368,0.001642638,6,4.166666971,4.083333647,34.38585366,28.29,8902.560038,8769.596731
2,33,125,120,0,39.24146341,0,0.465,39.70646341,0.24,1664,32.643,18547.00008,18944.00598,3402,345,3402,3407,344,3407,16.3215,0.001723131,6,4.083333647,4.000000324,37.04609756,30.466,9472.00299,8902.560038
2,34,120,125,0,37.86341463,0,0.507,38.37041463,0.239,1671,31.555,18944.00598,19155.99919,3407,344,3407,3603,366,3603,15.1464,0.001647265,8,4.000000324,3.916667,39.70646341,32.643,9194.879611,9472.00299
3,1,0,125,0,34.17682927,0,0.265,34.44182927,0.252,1715,28.29,0,13682.7414,0,0,0,3766,268,3766,13.5792,0.002067568,0,6.75,6.687037044,0,0,6567.715872,9194.879611
3,2,125,105,0,32.6597561,0,0.421,33.0807561,0.264,1680,27.202,13682.7414,16563.84184,3766,268,3766,3765,269,3765,15.544,0.001642252,0,6.687037044,6.624074089,34.44182927,28.29,9465.05248,6567.715872
3,3,105,120,0,31.12073171,0,0.595,31.71573171,0.274,1683,26.114,16563.84184,17730.62258,3765,269,3765,3762,269,3762,13.057,0.001472819,0,6.624074089,6.561111133,33.0807561,27.202,8865.31129,9465.05248
3,4,120,110,0,33.28780488,0,0.45,33.73780488,0.202,1690,27.746,17730.62258,16874.83974,3762,269,3762,3766,268,3766,15.13418182,0.001644223,0,6.561111133,6.498148178,31.71573171,26.114,9204.45804,8865.31129
3,5,110,130,0,35.18658537,0,0.525,35.71158537,0.217,1692,29.378,16874.83974,18952.62914,3766,268,3766,3766,268,3766,13.55907692,0.001550075,0,6.498148178,6.435185222,33.73780488,27.746,8747.367295,9204.45804
3,6,130,110,0,28.66829268,0,0.43,29.09829268,0.257,1680,23.938,18952.62914,15510.6271,3766,268,3766,3766,267,3766,13.05709091,0.001543329,0,6.435185222,6.372222267,35.71158537,29.378,8460.342055,8747.367295
3,7,110,110,0,14.04146341,0,0.455,14.49646341,0.324,1678,11.969,15510.6271,17375.75637,3766,267,3766,3765,269,3765,6.528545455,0.000688833,0,6.372222267,6.309259311,29.09829268,23.938,9477.685293,8460.342055
3,8,110,125,0,36.61707317,0,0.44,37.05707317,0.266,1685,30.466,17375.75637,12268.6582,3765,269,3765,3765,269,3765,14.62368,0.002483238,0,6.309259311,6.246296356,14.49646341,11.969,5888.955936,9477.685293
3,9,125,120,0,35.15,0,0.555,35.705,0.278,1687,29.378,12268.6582,18414.71796,3765,269,3765,3766,270,3766,14.689,0.001595354,0,6.246296356,6.1833334,37.05707317,30.466,9207.35898,5888.955936
3,10,120,120,0,35.83780488,0,0.535,36.37280488,0.255,1692,29.922,18414.71796,18031.71533,3766,270,3766,3767,270,3767,14.961,0.00165941,0,6.1833334,6.120370444,35.705,29.378,9015.857665,9207.35898
3,11,120,130,0,33.69512195,0,0.37,34.06512195,0.251,1695,28,18031.71533,17555.57353,3767,270,3767,3765,271,3765,12.92307692,0.001594935,0,6.120370444,6.057407489,36.37280488,29.922,8102.572398,9015.857665
3,12,130,100,0,36.60487805,0,0.45,37.05487805,0.218,1690,30.466,17555.57353,8844.706324,3765,271,3765,3769,271,3769,18.2796,0.003444546,0,6.057407489,5.994444533,34.06512195,28,5306.823794,8102.572398
3,13,100,120,0,35.29634146,0,0.435,35.73134146,0.207,1685,29.378,8844.706324,17581.44037,3769,271,3769,3759,272,3759,14.689,0.001670967,0,5.994444533,5.931481578,37.05487805,30.466,8790.720185,5306.823794
3,14,120,145,0,32.6695122,0,0.413,33.0825122,0.292,1690,27.202,17581.44037,19614.43733,3759,272,3759,3767,272,3767,11.256,0.001386836,0,5.931481578,5.868518622,35.73134146,29.378,8116.318895,8790.720185
3,15,145,115,0,31.31585366,0,0.435,31.75085366,0.253,1696,26.114,19614.43733,16297.43403,3767,272,3767,3763,272,3763,13.62469565,0.001602338,0,5.868518622,5.805555667,33.0825122,27.202,8503.009059,8116.318895
3,16,115,115,0,28.56097561,0,0.518,29.07897561,0.258,1546,23.938,16297.43403,16635.42584,3763,272,3763,3765,272,3765,12.4893913,0.001438977,0,5.805555667,5.742592711,31.75085366,26.114,8679.352612,8503.009059
3,17,115,140,0,36.49512195,0,0.54,37.03512195,0.289,1685,30.466,16635.42584,19396.42263,3765,272,3765,3758,275,3758,13.05685714,0.001570702,0,5.742592711,5.679629756,29.07897561,23.938,8312.752556,8679.352612
3,18,140,125,0,28.57073171,0,0.51,29.08073171,0.276,1682,23.938,19396.42263,16431.42621,3758,275,3758,3756,273,3756,11.49024,0.001456842,0,5.679629756,5.6166668,37.03512195,30.466,7887.084581,8312.752556
3,19,125,130,0,35.22926829,0,0.49,35.71926829,0.254,1678,29.378,16431.42621,19037.44343,3756,273,3756,3766,275,3766,13.55907692,0.001543169,0,5.6166668,5.553703844,29.08073171,23.938,8786.512352,7887.084581
3,20,130,165,0,35.34512195,0,0.395,35.74012195,0.262,1690,29.378,19037.44343,20826.41674,3766,275,3766,3740,274,3740,10.68290909,0.001410612,0,5.553703844,5.490740889,35.71926829,29.378,7573.242451,8786.512352
3,21,165,120,0,37.81707317,0,0.545,38.36207317,0.263,1690,31.555,20826.41674,18559.42036,3740,274,3740,3763,288,3763,15.7775,0.001700215,0,5.490740889,5.427777933,35.74012195,29.378,9279.71018,7573.242451
3,22,120,165,0,35.34512195,0,0.395,35.74012195,0.287,1690,29.378,18559.42036,19810.43736,3763,288,3763,3713,276,3713,10.68290909,0.001482956,0,5.427777933,5.364814978,38.36207317,31.555,7203.795404,9279.71018
3,23,165,170,0,32.64878049,0,0.43,33.07878049,0.252,1690,27.202,19810.43736,18366.13755,3713,276,3713,3653,277,3653,9.600705882,0.001481095,0,5.364814978,5.301852022,35.74012195,29.378,6482.166194,7203.795404
3,24,170,135,2,32.88536585,0,0.452,35.33736585,0.27,1691,29.378,18366.13755,19101.13493,3653,277,3653,3641,279,3641,13.05688889,0.001538024,0,5.301852022,5.238889067,33.07878049,27.202,8489.393302,6482.166194
3,25,135,115,3,31.62560976,0,0.505,35.13060976,0.271,1680,29.378,19101.13493,18479.14391,3641,279,3641,3623,279,3623,15.32765217,0.001589792,0,5.238889067,5.175926111,35.33736585,29.378,9641.292475,8489.393302
3,26,115,125,4,33.07926829,0,0.51,37.58926829,0.252,1690,31.555,18479.14391,19338.13465,3623,279,3623,3581,281,3581,15.1464,0.00163175,2,5.175926111,5.112963156,35.13060976,29.378,9282.304632,9641.292475
3,27,125,125,2,31.51829268,0,0.485,34.00329268,0.213,1690,28.29,19338.13465,18355.14609,3581,281,3581,3589,281,3589,13.5792,0.001541257,2,5.112963156,5.0500002,37.58926829,31.555,8810.470123,9282.304632
3,28,125,135,0,37.87804878,0,0.495,38.37304878,0.261,1692,31.555,18355.14609,19346.14962,3589,281,3589,3502,281,3502,14.02444444,0.001631074,2,5.0500002,4.987037244,34.00329268,28.29,8598.28872,8810.470123
3,29,135,120,0,37.8902439,0,0.485,38.3752439,0.215,1693,31.555,19346.14962,18860.13951,3502,281,3502,3510,280,3510,15.7775,0.001673105,2,4.987037244,4.924074289,38.37304878,31.555,9430.069755,8598.28872
3,30,120,120,0,35.21707317,0,0.5,35.71707317,0.26,1683,29.378,18860.13951,17701.12634,3510,280,3510,3487,283,3487,14.689,0.001659668,0,4.924074289,4.861111333,38.3752439,31.555,8850.56317,9430.069755
3,31,120,135,4,31.72926829,0,0.528,36.25726829,0.255,1683,30.466,17701.12634,19839.15454,3487,283,3487,3466,283,3466,13.54044444,0.00153565,0,4.861111333,4.798148378,35.71707317,29.378,8817.402018,8850.56317
3,32,135,115,1,31.40853659,0,0.465,32.87353659,0.207,1687,27.2,19839.15454,17675.92,3466,283,3466,3459,288,3459,14.19130435,0.001538817,1,4.798148378,4.735185422,36.25726829,30.466,9222.21913,8817.402018
3,33,115,115,2,30.1402439,0,0.525,32.6652439,0.265,1680,27.2,17675.92,17726.784,3459,288,3459,3528,298,3528,14.19130435,0.001534401,2,4.735185422,4.672222467,32.87353659,27.2,9248.75687,9222.21913
3,34,115,115,1,32.69878049,0,0.497,34.19578049,0.255,1679,28.29,17726.784,17034.8235,3528,298,3528,3488,299,3488,14.76,0.001660716,2,4.672222467,4.609259511,32.6652439,27.2,8887.734,9248.75687
3,35,115,180,2,25.57317073,0,0.46,28.03317073,0.201,1690,23.39,17034.8235,17092.9442,3488,299,3488,3604,295,3604,7.796666667,0.001368401,2,4.609259511,4.546296556,34.19578049,28.29,5697.648067,8887.734
3,36,180,140,0,35.50121951,0,0.269,35.77021951,0.231,1689,29.38,17092.9442,19671.0852,3604,295,3604,3408,314,3408,12.59142857,0.001493563,0,4.546296556,4.4833336,28.03317073,23.39,8430.465086,5697.648067
3,37,140,230,2,34.46341463,0,0.25,36.71341463,0.259,1715,30.47,19671.0852,10192.215,3408,314,3408,3408,313,3408,7.948695652,0.002989537,3,4.4833336,4.420370644,35.77021951,29.38,2658.838696,8430.465086
3,38,230,165,4,31.69146341,0,0.563,36.25446341,0.223,1695,30.47,10192.215,19917.3249,3408,313,3408,3415,314,3415,11.08,0.001529824,0,4.420370644,4.357407689,36.71341463,30.47,7242.6636,2658.838696
3,39,165,120,3,28.93292683,0,0.535,32.46792683,0.214,1675,27.2,19917.3249,17295.664,3415,314,3415,3223,302,3223,13.6,0.001572648,0,4.357407689,4.294444733,36.25446341,30.47,8647.832,7242.6636
3,40,120,130,0,36.47560976,0,0.56,37.03560976,0.251,1692,30.47,17295.664,19010.8424,3223,302,3223,3464,343,3464,14.06307692,0.00160277,6,4.294444733,4.231481778,32.46792683,27.2,8774.234954,8647.832
3,41,130,125,0,37.8597561,0,0.515,38.3747561,0.261,1671,31.56,19010.8424,18938.2092,3464,343,3464,3433,345,3433,15.1488,0.001666472,6,4.231481778,4.168518822,37.03560976,30.47,9090.340416,8774.234954
3,42,125,115,0,31.24390244,0,0.49,31.73390244,0.285,1670,26.11,18938.2092,16641.7307,3433,345,3433,3477,344,3477,13.6226087,0.001568947,6,4.168518822,4.105555867,38.3747561,31.56,8682.642104,9090.340416
3,43,115,140,0,35.32317073,0,0.415,35.73817073,0.184,1694,29.38,16641.7307,19591.7592,3477,344,3477,3327,359,3327,12.59142857,0.00149961,7,4.105555867,4.042592911,31.73390244,26.11,8396.468229,8682.642104
3,44,140,115,0,33.82317073,0,0.555,34.37817073,0.257,1690,28.29,19591.7592,17390.4288,3327,359,3327,3531,351,3531,14.76,0.001626757,7,4.042592911,3.979629956,35.73817073,29.38,9073.2672,8396.468229
3,45,115,115,0,32.45121951,0,0.59,33.04121951,0.264,1687,27.2,17390.4288,17011.152,3531,351,3531,3533,352,3533,14.19130435,0.001598951,7,3.979629956,3.916667,34.37817073,28.29,8875.383652,9073.2672
4,1,0,155,0,35.68170732,0,0.119,35.80070732,0.229,1690,29.378,0,17832.446,0,0,0,3768,261,3768,11.37212903,0.001647446,0,6.75,6.694444451,0,0,6902.882323,8875.383652
4,2,155,95,3,29.43902439,0,0.122,32.56102439,0.196,1710,27.202,17832.446,16511.614,3768,261,3768,3765,259,3765,17.18021053,0.001647446,0,6.694444451,6.638888902,35.80070732,29.378,10428.38779,6902.882323
4,3,95,110,5,28.06707317,0,0.375,33.44207317,0.215,1690,28.29,16511.614,16463.0826,3765,259,3765,3762,259,3762,15.43090909,0.00171839,0,6.638888902,6.583333353,32.56102439,27.202,8979.863236,10428.38779
4,4,110,110,2,30.4902439,0,0.24,32.7302439,0.24,1680,27.202,16463.0826,16086.17472,3762,259,3762,3765,261,3765,14.83745455,0.001691017,0,6.583333353,6.527777804,33.44207317,28.29,8774.27712,8979.863236
4,5,110,155,2,30.43170732,0,0.288,32.71970732,0.222,1690,27.202,16086.17472,16838.31002,3765,261,3765,3761,260,3761,10.52980645,0.001615483,0,6.527777804,6.472222255,32.7302439,27.202,6518.055492,8774.27712
4,6,155,95,0,27.51097561,0,0.291,27.80197561,0.201,1682,22.85,16838.31002,13966.1485,3761,260,3761,3770,260,3770,14.43157895,0.001636099,0,6.472222255,6.416666706,32.71970732,27.202,8820.725368,6518.055492
4,7,95,110,0,31.47439024,0,0.305,31.77939024,0.2,1695,26.114,13966.1485,16408.20962,3770,260,3770,3765,263,3765,14.244,0.00159152,0,6.416666706,6.361111157,27.80197561,22.85,8949.93252,8820.725368
4,8,110,120,0,32.13780488,0,0.305,32.44280488,0.206,1687,26.658,16408.20962,17240.26176,3765,263,3765,3766,263,3766,13.329,0.001546264,0,6.361111157,6.305555608,31.77939024,26.114,8620.13088,8949.93252
4,9,120,130,0,38.09146341,0,0.32,38.41146341,0.266,1689,31.555,17240.26176,18286.1225,3766,263,3766,3766,263,3766,14.56384615,0.001725626,0,6.305555608,6.250000059,32.44280488,26.658,8439.748846,8620.13088
4,10,130,115,0,35.46097561,0,0.3,35.76097561,0.211,1680,29.378,18286.1225,16806.12557,3766,263,3766,3766,262,3766,15.32765217,0.001748053,0,6.250000059,6.19444451,38.41146341,31.555,8768.413341,8439.748846
4,11,115,110,1,32.96341463,0,0.28,34.24341463,0.264,1686,28.29,16806.12557,16628.12646,3766,262,3766,3765,263,3765,15.43090909,0.001701334,0,6.19444451,6.138888961,35.76097561,29.378,9069.88716,8768.413341
4,12,110,115,0,35.35121951,0,0.39,35.74121951,0.203,1686,29.378,16628.12646,17211.13068,3765,263,3765,3765,264,3765,15.32765217,0.001706919,0,6.138888961,6.083333412,34.24341463,28.29,8979.720355,9069.88716
4,13,115,115,0,34.06707317,0,0.355,34.42207317,0.256,1675,28.29,17211.13068,17162.1285,3765,264,3765,3767,264,3767,14.76,0.001648397,0,6.083333412,6.027777863,35.74121951,29.378,8954.154,8979.720355
4,14,115,120,0,34.11707317,0,0.314,34.43107317,0.208,1690,28.29,17162.1285,17108.12289,3767,264,3767,3764,265,3764,14.145,0.0016536,0,6.027777863,5.972222314,34.42207317,28.29,8554.061445,8954.154
4,15,120,120,0,34.77317073,0,0.32,35.09317073,0.201,1685,28.834,17108.12289,17612.12437,3764,265,3764,3765,266,3765,14.417,0.001637168,0,5.972222314,5.916666765,34.43107317,28.29,8806.062185,8554.061445
4,16,120,140,0,36.76341463,0,0.32,37.08341463,0.221,1685,30.466,17612.12437,18751.12228,3765,266,3765,3765,266,3765,13.05685714,0.001624756,0,5.916666765,5.861111216,35.09317073,28.834,8036.195263,8806.062185
4,17,140,125,0,34.11829268,0,0.313,34.43129268,0.197,1700,28.29,18751.12228,17410.11864,3765,266,3765,3764,266,3764,13.5792,0.001624917,0,5.861111216,5.805555667,37.08341463,30.466,8356.856947,8036.195263
4,18,125,120,0,35.4695122,0,0.293,35.7625122,0.201,1690,29.378,17410.11864,17652.12384,3764,266,3764,3649,269,3649,14.689,0.001664276,0,5.805555667,5.750000118,34.43129268,28.29,8826.06192,8356.856947
4,19,120,110,0,36.7804878,0,0.306,37.0864878,0.198,1689,30.466,17652.12384,17236.1395,3649,269,3649,3765,269,3765,16.61781818,0.001767565,0,5.750000118,5.694444569,35.7625122,29.378,9401.530636,8826.06192
4,20,110,120,0,35.4195122,0,0.334,35.7535122,0.183,1690,29.378,17236.1395,18719.1328,3765,269,3765,3765,270,3765,14.689,0.00156941,0,5.694444569,5.63888902,37.0864878,30.466,9359.5664,9401.530636
4,21,120,125,0,35.45121951,0,0.308,35.75921951,0.253,1696,29.378,18719.1328,18297.29409,3765,270,3765,3765,271,3765,14.10144,0.001605593,0,5.63888902,5.583333471,35.7535122,29.378,8782.701163,9359.5664
4,22,125,110,0,34.13414634,0,0.3,34.43414634,0.212,1686,28.29,18297.29409,16672.28715,3765,271,3765,3765,272,3765,15.43090909,0.001696828,0,5.583333471,5.527777922,35.75921951,29.378,9093.974809,8782.701163
4,23,110,110,0,32.84390244,0,0.27,33.11390244,0.196,1682,27.202,16672.28715,16587.28996,3765,272,3765,3766,273,3766,14.83745455,0.00163993,0,5.527777922,5.472222373,34.43414634,28.29,9047.612705,9093.974809
4,24,110,115,0,38.05853659,0,0.347,38.40553659,0.174,1680,31.555,16587.28996,18496.2788,3766,273,3766,3750,275,3750,16.46347826,0.001706019,0,5.472222373,5.416666824,33.11390244,27.202,9650.232417,9047.612705
4,25,115,150,0,36.75487805,0,0.327,37.08187805,0.255,1687,30.466,18496.2788,19654.28685,3750,275,3750,3723,275,3723,12.1864,0.001550094,0,5.416666824,5.361111275,38.40553659,31.555,7861.71474,9650.232417
4,26,150,125,0,36.72682927,0,0.35,37.07682927,0.224,1686,30.466,19654.28685,18878.28737,3723,275,3723,3740,275,3740,14.62368,0.001613812,0,5.361111275,5.305555725,37.08187805,30.466,9061.577938,7861.71474
4,27,125,120,0,35.40609756,0,0.345,35.75109756,0.199,1687,29.378,18878.28737,18557.28939,3740,275,3740,3721,276,3721,14.689,0.001583098,0,5.305555725,5.250000176,37.07682927,30.466,9278.644695,9061.577938
4,28,120,135,0,35.36341463,0,0.38,35.74341463,0.194,1695,29.378,18557.28939,18752.30056,3721,276,3721,3717,277,3717,13.05688889,0.001566634,0,5.250000176,5.194444627,35.75109756,29.378,8334.355804,9278.644695
4,29,135,135,0,33.36097561,0,0.39,33.75097561,0.254,1689,27.746,18752.30056,18913.28287,3717,277,3717,3667,276,3667,12.33155556,0.001467011,0,5.194444627,5.138889078,35.74341463,29.378,8405.903498,8334.355804
4,30,135,180,0,38.04878049,0,0.355,38.40378049,0.195,1685,31.555,18913.28287,19542.2955,3667,276,3667,3643,278,3643,10.51833333,0.001614703,0,5.138889078,5.083333529,33.75097561,27.746,6514.0985,8405.903498
4,31,180,110,0,35.41219512,0,0.34,35.75219512,0.21,1680,29.378,19542.2955,17659.29207,3643,278,3643,3627,279,3627,16.02436364,0.0016636,0,5.083333529,5.02777798,38.40378049,31.555,9632.341129,6514.0985
4,32,110,110,0,35.34146341,0,0.4,35.74146341,0.198,1685,29.38,17659.29207,18217.3628,3627,279,3627,3583,280,3583,16.02545455,0.001612747,0,5.02777798,4.972222431,35.75219512,29.378,9936.743345,9632.341129
4,33,110,110,0,35.42073171,0,0.335,35.75573171,0.259,1687,29.38,18217.3628,17580.4044,3583,280,3583,3518,281,3518,16.02545455,0.001671179,0,4.972222431,4.916666882,35.74146341,29.38,9589.311491,9936.743345
4,34,110,110,0,35.74390244,0,0.07,35.81390244,0.213,300,29.38,17580.4044,17640.3396,3518,281,3518,3556,282,3556,16.02545455,0.001665501,0,4.916666882,4.861111333,35.75573171,29.38,9622.003418,9589.311491
4,35,110,110,0,35.42073171,0,0.335,35.75573171,0.201,1670,29.38,17640.3396,17006.3192,3556,282,3556,3504,282,3504,16.02545455,0.001727593,0,4.861111333,4.805555784,35.81390244,29.38,9276.174109,9622.003418
4,36,110,140,0,38.71341463,0,0.355,39.06841463,0.201,1690,32.1,17006.3192,19483.416,3504,282,3504,3489,284,3489,13.75714286,0.001647555,0,4.805555784,4.750000235,35.75573171,29.38,8350.035429,9276.174109
4,37,140,140,0,39.3402439,0,0.381,39.7212439,0.266,1689,32.64,19483.416,19307.5392,3489,284,3489,3402,285,3402,13.98857143,0.001690531,0,4.750000235,4.694444686,39.06841463,32.1,8274.659657,8350.035429
4,38,140,140,0,36.7195122,0,0.36,37.0795122,0.197,1681,30.47,19307.5392,18778.661,3402,285,3402,3364,287,3364,13.05857143,0.001622586,1,4.694444686,4.638889137,39.7212439,32.64,8047.997571,8274.659657
4,39,140,120,0,36.63902439,0,0.426,37.06502439,0.256,1679,30.47,18778.661,18191.5041,3364,287,3364,3486,301,3486,15.235,0.001674958,2,4.638889137,4.583333588,37.0795122,30.47,9095.75205,8047.997571
4,40,120,185,0,40.67926829,0,0.373,41.05226829,0.25,1690,33.73,18191.5041,20463.6537,3486,301,3486,3578,311,3578,10.93945946,0.001648288,3,4.583333588,4.527778039,37.06502439,30.47,6636.860659,9095.75205
4,41,185,165,2,38.3,0,0.364,40.664,0.181,1685,33.73,20463.6537,19324.5916,3578,311,3578,3657,322,3657,12.26545455,0.001745444,5,4.527778039,4.47222249,41.05226829,33.73,7027.124218,6636.860659
4,42,165,110,4,29.92195122,0,0.374,34.29595122,0.202,1689,28.83,19324.5916,17711.7105,3657,322,3657,3397,303,3397,15.72545455,0.001627737,2,4.47222249,4.416666941,40.664,33.73,9660.933,7027.124218
4,43,110,185,1,39.25,0,0.565,40.815,0.222,1690,33.73,17711.7105,20874.4851,3397,303,3397,3431,314,3431,10.93945946,0.001615848,0,4.416666941,4.361111392,34.29595122,28.83,6770.103276,9660.933
4,44,185,165,1,39.26829268,0,0.55,40.81829268,0.252,1687,33.73,20874.4851,20793.5331,3431,314,3431,3356,316,3356,12.26545455,0.001622139,3,4.361111392,4.305555843,40.815,33.73,7561.284764,6770.103276
4,45,165,130,4,31.9695122,0,0.335,36.3045122,0.207,1687,30.47,20793.5331,18866.7193,3356,316,3356,3402,323,3402,14.06307692,0.001615013,4,4.305555843,4.250000294,40.81829268,33.73,8707.7166,7561.284764
4,46,130,145,4,31.79878049,0,0.475,36.27378049,0.202,1700,30.47,18866.7193,18756.4179,3402,323,3402,3400,330,3400,12.60827586,0.001624511,5,4.250000294,4.194444745,36.3045122,30.47,7761.276372,8707.7166
4,47,145,120,3,30.45,0,0.381,33.831,0.256,1685,28.29,18756.4179,18058.0728,3400,330,3400,3517,343,3517,14.145,0.001566612,6,4.194444745,4.138889196,36.27378049,30.47,9029.0364,7761.276372
4,48,120,105,4,30.42560976,0,0.511,34.93660976,0.275,1689,29.38,18058.0728,16958.136,3517,343,3517,3529,342,3529,16.78857143,0.001732502,6,4.138889196,4.083333647,33.831,28.29,9690.363429,9029.0364
4,49,105,125,5,31.87195122,0,0.525,37.39695122,0.212,1690,31.56,16958.136,19300.2024,3529,342,3529,3394,356,3394,15.1488,0.001635216,7,4.083333647,4.027778098,34.93660976,29.38,9264.097152,9690.363429
4,50,125,125,3,34.37317073,0,0.434,37.80717073,0.211,1687,31.56,19300.2024,17959.8492,3394,356,3394,3360,356,3360,15.1488,0.001757253,7,4.027778098,3.972222549,37.39695122,31.56,8620.727616,9264.097152
4,51,125,125,5,31.95121951,0,0.46,37.41121951,0.262,1690,31.56,17959.8492,18601.1484,3360,356,3360,3438,356,3438,15.1488,0.001696669,8,3.972222549,3.916667,37.80717073,31.56,8928.551232,8620.727616
5,1,0,95,0,34.37804878,0,0.1,34.47804878,0.224,1666,28.29,0,12071.0601,0,0,0,3740,265,3740,17.86736842,0.002343622,0,6.75,6.685606068,0,0,7623.827432,8928.551232
5,2,95,125,0,33.73170732,0,0.63,34.36170732,0.224,1662,28.29,12071.0601,19056.9927,3740,265,3740,3724,265,3724,13.5792,0.001484494,0,6.685606068,6.621212136,34.47804878,28.29,9147.356496,7623.827432
5,3,125,125,0,35.18658537,0,0.525,35.71158537,0.24,1666,29.378,19056.9927,18513.13426,3724,265,3724,3740,277,3740,14.10144,0.001586873,0,6.621212136,6.556818205,34.36170732,28.29,8886.304445,9147.356496
5,4,125,115,0,35.17439024,0,0.535,35.70939024,0.227,1667,29.378,18513.13426,17585.08324,3740,277,3740,3733,276,3733,15.32765217,0.00167062,0,6.556818205,6.492424273,35.71158537,29.378,9174.826038,8886.304445
5,5,115,120,0,31.95487805,0,0.455,32.40987805,0.256,1676,26.658,17585.08324,17680.9185,3733,276,3733,3697,266,3697,13.329,0.001507727,0,6.492424273,6.428030341,35.70939024,29.378,8840.45925,9174.826038
5,6,120,120,0,34.01829268,0,0.395,34.41329268,0.195,1668,28.29,17680.9185,18318.9066,3697,266,3697,3692,269,3692,14.145,0.001544306,0,6.428030341,6.363636409,32.40987805,26.658,9159.4533,8840.45925
5,7,120,120,0,29.88170732,0,0.523,30.40470732,0.227,1651,25.026,18318.9066,17842.03644,3692,269,3692,3651,268,3651,12.513,0.001402643,0,6.363636409,6.299242477,34.41329268,28.29,8921.01822,9159.4533
5,8,120,115,0,31.18170732,0,0.545,31.72670732,0.257,1678,26.114,17842.03644,16042.87476,3651,268,3651,3651,268,3651,13.62469565,0.001627763,0,6.299242477,6.234848545,30.40470732,25.026,8370.195527,8921.01822
5,9,115,125,0,36.46829268,0,0.562,37.03029268,0.246,1679,30.466,16042.87476,18878.86622,3651,268,3651,3640,269,3640,14.62368,0.001613762,0,6.234848545,6.170454614,31.72670732,26.114,9061.855786,8370.195527
5,10,125,115,0,35.16829268,0,0.54,35.70829268,0.263,1685,29.378,18878.86622,17939.08814,3640,269,3640,3619,269,3619,15.32765217,0.001637653,0,6.170454614,6.106060682,37.03029268,30.466,9359.524247,9061.855786
5,11,115,125,0,33.83536585,0,0.545,34.38036585,0.244,1665,28.29,17939.08814,17505.0033,3619,269,3619,3575,270,3575,13.5792,0.001616109,0,6.106060682,6.04166675,35.70829268,29.378,8402.401584,9359.524247
5,12,125,120,0,33.15365854,0,0.56,33.71365854,0.273,1665,27.746,17505.0033,17364.00172,3575,270,3575,3581,270,3581,13.873,0.001597904,0,6.04166675,5.977272818,34.38036585,28.29,8682.00086,8402.401584
5,13,120,130,0,36.49512195,0,0.54,37.03512195,0.259,1665,30.466,17364.00172,19082.98842,3581,270,3581,3580,270,3580,14.06123077,0.0015965,0,5.977272818,5.912878886,33.71365854,27.746,8807.533117,8682.00086
5,14,130,120,0,31.19390244,0,0.535,31.72890244,0.25,1665,26.114,19082.98842,17519.8826,3580,270,3580,3553,271,3553,13.057,0.001490535,0,5.912878886,5.848484955,37.03512195,30.466,8759.9413,8807.533117
5,15,120,115,0,32.50853659,0,0.545,33.05353659,0.191,1658,27.202,17519.8826,17237.9074,3553,271,3553,3477,272,3477,14.19234783,0.001578034,0,5.848484955,5.784091023,31.72890244,26.114,8993.690817,8759.9413
5,16,115,110,0,32.52682927,0,0.53,33.05682927,0.258,1676,27.202,17237.9074,16663.9452,3477,272,3477,3480,272,3480,14.83745455,0.001632387,0,5.784091023,5.719697091,33.05353659,27.202,9089.424655,8993.690817
5,17,110,130,0,33.74390244,0,0.62,34.36390244,0.304,1673,28.29,16663.9452,18638.0178,3480,272,3480,3473,273,3473,13.05692308,0.001517865,0,5.719697091,5.655303159,33.05682927,27.202,8602.162062,9089.424655
5,18,130,110,0,32.67682927,0,0.407,33.08382927,0.253,1673,27.202,18638.0178,16616.88574,3473,273,3473,3498,272,3498,14.83745455,0.00163701,0,5.655303159,5.590909227,34.36390244,28.29,9063.755858,8602.162062
5,19,110,120,0,33.73902439,0,0.624,34.36302439,0.221,1681,28.29,16616.88574,17564.9781,3498,272,3498,3394,275,3394,14.145,0.001610591,0,5.590909227,5.526515295,33.08382927,27.202,8782.48905,9063.755858
5,20,120,130,0,35.19878049,0,0.515,35.71378049,0.246,1690,29.378,17564.9781,18306.9007,3394,275,3394,3399,280,3399,13.55907692,0.00160475,1,5.526515295,5.462121364,34.36302439,28.29,8449.338785,8782.48905
5,21,130,120,0,35.13170732,0,0.57,35.70170732,0.244,1692,29.378,18306.9007,17650.88996,3399,280,3399,3514,290,3514,14.689,0.001664392,1,5.462121364,5.397727432,35.71378049,29.378,8825.44498,8449.338785
5,22,120,125,0,35.11341463,0,0.585,35.69841463,0.253,1679,29.378,17650.88996,17781.0345,3514,290,3514,3296,278,3296,14.10144,0.00165221,0,5.397727432,5.3333335,35.70170732,29.378,8534.89656,8825.44498
5,23,125,105,0,31.18780488,0,0.54,31.72780488,0.25,1667,26.114,17781.0345,15824.03944,3296,278,3296,3381,280,3381,14.92228571,0.001650274,1,5.3333335,5.268939568,35.69841463,29.378,9042.308251,8534.89656
5,24,105,130,0,36.50365854,0,0.533,37.03665854,0.25,1678,30.466,15824.03944,18686.93042,3381,280,3381,3428,291,3428,14.06123077,0.001630337,2,5.268939568,5.204545636,31.72780488,26.114,8624.737117,9042.308251
5,25,130,120,0,33.84146341,0,0.54,34.38146341,0.229,1645,28.29,18686.93042,17340.0726,3428,291,3428,3338,293,3338,14.145,0.001631481,2,5.204545636,5.140151705,37.03665854,30.466,8670.0363,8624.737117
5,26,120,120,0,31.24878049,0,0.49,31.73878049,0.272,1655,26.114,17340.0726,16059.06544,3338,293,3338,3428,279,3428,13.057,0.001626122,1,5.140151705,5.075757773,34.38146341,28.29,8029.53272,8670.0363
5,27,120,125,0,32.53292683,0,0.525,33.05792683,0.254,1690,27.202,16059.06544,17684.0202,3428,279,3428,3338,293,3338,13.05696,0.001538225,2,5.075757773,5.011363841,31.73878049,26.114,8488.329696,8029.53272
5,28,125,175,0,35.11341463,0,0.585,35.69841463,0.222,1679,29.378,17684.0202,20492.91768,3338,293,3338,3371,306,3371,10.07245714,0.001433568,3,5.011363841,4.946969909,33.05792683,27.202,7026.143205,8488.329696
5,29,175,120,7,24.9402439,0,0.435,32.3752439,0.207,1679,27.746,20492.91768,17246.9136,3371,306,3371,3494,317,3494,13.873,0.001608752,5,4.946969909,4.882575977,35.69841463,29.378,8623.4568,7026.143205
5,30,120,125,0,35.35121951,0,0.39,35.74121951,0.242,1690,29.378,17246.9136,17768.10818,3494,317,3494,3326,308,3326,14.10144,0.001653412,3,4.882575977,4.818182045,32.3752439,27.746,8528.691926,8623.4568
5,31,125,125,0,36.66585366,0,0.4,37.06585366,0.228,1652,30.466,17768.10818,17886.89326,3326,308,3326,3063,309,3063,14.62368,0.001703258,3,4.818182045,4.753788114,35.74121951,29.378,8585.708765,8528.691926
5,32,125,120,0,35.4,0,0.35,35.75,0.251,1685,29.378,17886.89326,17862.99912,3063,309,3063,3341,314,3341,14.689,0.001644629,4,4.753788114,4.689394182,37.06585366,30.466,8931.49956,8585.708765
5,33,120,125,0,35.30487805,0,0.43,35.73487805,0.293,1671,29.38,17862.99912,18121.2902,3341,314,3341,3381,320,3381,14.1024,0.001621297,5,4.689394182,4.62500025,35.75,29.378,8698.219296,8931.49956
5,34,125,240,0,32.52682927,0,0.528,33.05482927,0.245,1667,27.2,18121.2902,18789.488,3381,320,3381,3277,313,3277,6.8,0.001447618,4,4.62500025,4.560606318,35.73487805,29.38,4697.372,8698.219296
5,35,240,115,0,32.64268293,0,0.433,33.07568293,0.208,1689,27.2,18789.488,16001.76,3277,313,3277,3537,326,3537,14.19130435,0.001699813,6,4.560606318,4.496212386,33.05482927,27.2,8348.744348,4697.372
5,36,115,110,0,31.31707317,0,0.43,31.74707317,0.227,1687,26.11,16001.76,16119.5307,3537,326,3537,3367,320,3367,14.24181818,0.001619774,5,4.496212386,4.431818455,33.07568293,27.2,8792.471291,8348.744348
5,37,110,115,0,36.00609756,0,0.395,36.40109756,0.211,1655,29.92,16119.5307,17616.896,3367,320,3367,3443,342,3443,15.61043478,0.00169837,7,4.431818455,4.367424523,31.74707317,26.11,9191.424,8792.471291
5,38,115,170,4,34.54878049,0,0.39,38.93878049,0.245,1671,32.64,17616.896,21254.1888,3443,342,3443,3397,344,3397,11.52,0.001535697,7,4.367424523,4.303030591,36.40109756,29.92,7501.4784,9191.424
5,39,170,150,2,36.89634146,0,0.425,39.32134146,0.219,1681,32.64,21254.1888,20736.192,3397,344,3397,3371,345,3371,13.056,0.001574059,7,4.303030591,4.238636659,38.93878049,32.64,8294.4768,7501.4784
5,40,150,130,2,35.51463415,0,0.478,37.99263415,0.224,1691,31.56,20736.192,19964.2248,3371,345,3371,3515,360,3515,14.56615385,0.001580828,8,4.238636659,4.174242727,39.32134146,32.64,9214.2576,8294.4768
5,41,130,115,3,27.74756098,0,0.417,31.16456098,0.26,1660,26.11,19964.2248,16813.5345,3515,360,3515,3381,342,3381,13.6226087,0.001552916,7,4.174242727,4.109848795,37.99263415,31.56,8772.27887,9214.2576
5,42,115,115,3,26.42926829,0,0.418,29.84726829,0.195,1687,25.03,16813.5345,17152.8087,3381,342,3381,3554,342,3554,13.05913043,0.001459236,7,4.109848795,4.045454864,31.16456098,26.11,8949.291496,8772.27887
5,43,115,110,3,24.48780488,0,0.37,27.85780488,0.193,1663,23.39,17152.8087,15356.4706,3554,342,3554,3554,310,3554,12.75818182,0.001523136,5,4.045454864,3.981060932,29.84726829,25.03,8376.256691,8949.291496
5,44,110,150,0,39.23902439,0,0.464,39.70302439,0.201,1685,32.64,15356.4706,20157.1584,3554,310,3554,3349,366,3349,13.056,0.001619276,8,3.981060932,3.916667,27.85780488,23.39,8062.86336,8376.256691
6,1,0,95,0,34.43902439,0,0.05,34.48902439,0.208,1690,28.29,0,9547.0263,0,0,0,3747,258,3747,17.86736842,0.002963226,0,6.75,6.696540887,0,0,6029.700821,8062.86336
6,2,95,110,2,28.99268293,0,0.38,31.37268293,0.223,1665,26.114,9547.0263,16165.8717,3747,258,3747,3746,258,3746,14.244,0.001615378,0,6.696540887,6.643081774,34.48902439,28.29,8817.7482,6029.700821
6,3,110,110,2,30.32560976,0,0.375,32.70060976,0.229,1675,27.202,16165.8717,16231.97744,3746,258,3746,3753,259,3753,14.83745455,0.001675828,,6.643081774,6.58962266,31.37268293,26.114,8853.805876,8817.7482
6,4,110,115,2,27.64756098,0,0.395,30.04256098,0.241,1671,25.026,16231.97744,16476.11736,3753,259,3753,3743,259,3743,13.05704348,0.001518926,0,6.58962266,6.536163547,32.70060976,27.202,8596.235144,8853.805876
6,5,115,115,0,34.03658537,0,0.38,34.41658537,0.234,1673,28.29,16476.11736,17174.859,3743,259,3743,3741,258,3741,14.76,0.001647175,,6.536163547,6.482704434,30.04256098,25.026,8960.796,8596.235144
6,6,115,110,4,26.61463415,0,0.37,30.98463415,0.234,1675,26.114,17174.859,15499.9647,3741,258,3741,3750,259,3750,14.244,0.001684778,,6.482704434,6.429245321,34.41658537,28.29,8454.5262,8960.796
6,7,110,105,3,27.82195122,0,0.36,31.18195122,0.24,1663,26.114,15499.9647,15861.12132,3750,259,3750,3745,259,3745,14.92228571,0.001646416,0,6.429245321,6.375786208,30.98463415,26.114,9063.497897,8454.5262
6,8,105,120,4,27.90121951,0,0.403,32.30421951,0.265,1686,27.202,15861.12132,17097.00104,3745,259,3745,3755,259,3755,13.601,0.001591039,0,6.375786208,6.322327094,31.18195122,26.114,8548.50052,9063.497897
6,9,120,110,7,24.30121951,0,0.415,31.71621951,0.196,1679,27.202,17097.00104,16462.92242,3755,259,3755,3746,260,3746,14.83745455,0.001652319,0,6.322327094,6.268867981,32.30421951,27.202,8979.775865,8548.50052
6,10,110,115,5,25.35487805,0,0.423,30.77787805,0.219,1676,26.114,16462.92242,16422.05004,3746,260,3746,3744,259,3744,13.62469565,0.001590179,0,6.268867981,6.215408868,31.71621951,27.202,8568.026108,8979.775865
6,11,115,120,7,24.24756098,0,0.459,31.70656098,0.215,1672,27.202,16422.05004,16918.01188,3744,259,3744,3745,259,3745,13.601,0.001607872,0,6.215408868,6.161949755,30.77787805,26.114,8459.00594,8568.026108
6,12,120,110,4,24.52926829,0,0.448,28.97726829,0.207,1691,24.482,16918.01188,16899.9246,3745,259,3745,3743,260,3743,13.35381818,0.001448646,0,6.161949755,6.108490642,31.70656098,27.202,9218.140691,8459.00594
6,13,110,115,5,28.00609756,0,0.425,33.43109756,0.188,1662,28.29,16899.9246,16891.1103,3743,260,3743,3748,261,3748,14.76,0.001674845,0,6.108490642,6.055031528,28.97726829,24.482,8812.7532,9218.140691
6,14,115,110,5,25.37073171,0,0.41,30.78073171,0.197,1694,26.114,16891.1103,16902.02536,3748,261,3748,3747,261,3747,14.244,0.001545022,0,6.055031528,6.001572415,33.43109756,28.29,9219.28656,8812.7532
6,15,110,115,0,31.32926829,0,0.424,31.75326829,0.239,1681,26.114,16902.02536,17064.97672,3747,261,3747,3748,262,3748,13.62469565,0.001530269,0,6.001572415,5.948113302,30.78073171,26.114,8903.466115,9219.28656
6,16,115,115,5,26.72439024,0,0.388,32.11239024,0.247,1643,27.202,17064.97672,16375.05996,3748,262,3748,3742,262,3742,14.19234783,0.001661185,0,5.948113302,5.894654189,31.75326829,26.114,8543.509544,8903.466115
6,17,115,110,7,23.02926829,0,0.37,30.39926829,0.253,1675,26.114,16375.05996,16265.1049,3742,262,3742,3747,263,3747,14.244,0.001605523,0,5.894654189,5.841195075,32.11239024,27.202,8871.8754,8543.509544
6,18,110,110,6,24.22926829,0,0.366,30.59526829,0.268,1670,26.114,16265.1049,15971.06126,3747,263,3747,3747,263,3747,14.244,0.001635082,0,5.841195075,5.787735962,30.39926829,26.114,8711.48796,8871.8754
6,19,110,120,5,26.75609756,0,0.362,32.11809756,0.248,1690,27.202,15971.06126,17275.9902,3747,263,3747,3744,263,3744,13.601,0.001574555,0,5.787735962,5.734276849,30.59526829,26.114,8637.9951,8711.48796
6,20,120,110,5,21.49390244,0,0.325,26.81890244,0.218,1660,22.85,17275.9902,15365.9395,3744,263,3744,3747,261,3747,12.46363636,0.001487055,0,5.734276849,5.680817736,32.11809756,27.202,8381.421545,8637.9951
6,21,110,110,4,26.54756098,0,0.425,30.97256098,0.24,1682,26.114,15365.9395,16370.08318,3747,261,3747,3744,264,3744,14.244,0.001595227,0,5.680817736,5.627358623,26.81890244,22.85,8929.13628,8381.421545
6,22,110,105,4,25.26341463,0,0.39,29.65341463,0.193,1692,25.026,16370.08318,16163.0421,3744,264,3744,3744,264,3744,14.30057143,0.001548347,0,5.627358623,5.573899509,30.97256098,26.114,9236.024057,8929.13628
6,23,105,120,5,26.7097561,0,0.4,32.1097561,0.245,1685,27.202,16163.0421,16774.92936,3744,264,3744,3707,266,3707,13.601,0.001621587,0,5.573899509,5.520440396,29.65341463,25.026,8387.46468,9236.024057
6,24,120,110,4,27.84878049,0,0.446,32.29478049,0.265,1674,27.202,16774.92936,16814.10024,3707,266,3707,3671,267,3671,14.83745455,0.001617809,0,5.520440396,5.466981283,32.1097561,27.202,9171.327404,8387.46468
6,25,110,140,4,30.50731707,0,0.442,34.94931707,0.221,1664,29.378,16814.10024,19653.882,3671,267,3671,3667,267,3667,12.59057143,0.001494768,0,5.466981283,5.41352217,32.29478049,27.202,8423.092286,9171.327404
6,26,140,140,5,26.63292683,0,0.463,32.09592683,0.209,1689,27.202,19653.882,17610.03076,3667,267,3667,3667,267,3667,11.658,0.001544688,0,5.41352217,5.360063057,34.94931707,29.378,7547.15604,8423.092286
6,27,140,115,5,26.6804878,0,0.424,32.1044878,0.246,1665,27.202,17610.03076,16727.8699,3667,267,3667,3648,268,3648,14.19234783,0.001626148,0,5.360063057,5.306603943,32.09592683,27.202,8727.584296,7547.15604
6,28,115,120,8,25.74756098,0,0.425,34.17256098,0.247,1647,29.378,16727.8699,18132.1016,3648,268,3648,3622,269,3622,14.689,0.00162022,0,5.306603943,5.25314483,32.1044878,27.202,9066.0508,8727.584296
6,29,120,185,4,22.56341463,0,0.428,26.99141463,0.223,1684,22.85,18132.1016,15412.0965,3622,269,3622,3722,265,3722,7.410810811,0.001482602,0,5.25314483,5.199685717,34.17256098,29.378,4998.517784,9066.0508
6,30,185,210,8,24.45365854,0,0.398,32.85165854,0.22,1662,28.29,15412.0965,17635.1373,3722,265,3722,3551,270,3551,8.082857143,0.001604184,,5.199685717,5.146226604,26.99141463,22.85,5038.610657,4998.517784
6,31,210,115,10,20.73780488,0,0.395,31.13280488,0.216,1667,27.2,17635.1373,16325.712,3551,270,3551,3535,271,3535,14.19130435,0.001666084,0,5.146226604,5.092767491,32.85165854,28.29,8517.762783,5038.610657
6,32,115,30,0,34.31707317,0,0.15,34.46707317,0.217,1701,28.29,16325.712,17987.9136,3535,271,3535,3513,272,3513,56.58,0.001572723,0,5.092767491,5.039308377,31.13280488,27.2,35975.8272,8517.762783
6,33,30,125,3,30.43536585,0,0.393,33.82836585,0.303,1671,28.29,17987.9136,18099.942,3513,272,3513,3477,272,3477,13.5792,0.001562988,0,5.039308377,4.985849264,34.46707317,28.29,8687.97216,35975.8272
6,34,125,115,3,29.13780488,0,0.367,32.50480488,0.247,1663,27.2,18099.942,16924.656,3477,272,3477,3452,273,3452,14.19130435,0.001607123,0,4.985849264,4.932390151,33.82836585,28.29,8830.255304,8687.97216
6,35,115,120,3,30.40487805,0,0.418,33.82287805,0.222,1682,28.29,16924.656,18082.1193,3452,273,3452,3398,275,3398,14.145,0.001564529,0,4.932390151,4.878931038,32.50480488,27.2,9041.05965,8830.255304
6,36,120,115,4,27.88414634,0,0.415,32.29914634,0.206,1695,27.2,18082.1193,17315.792,3398,275,3398,3312,275,3312,14.19130435,0.00157082,0,4.878931038,4.825471925,33.82287805,28.29,9034.326261,9041.05965
6,38,115,135,5,26.65243902,0,0.445,32.09743902,0.244,1686,27.2,17315.792,18410.592,3312,275,3312,3330,276,3330,12.08888889,0.00147741,0,4.825471925,4.772012811,32.29914634,27.2,8182.485333,9034.326261
6,39,135,110,8,19.19512195,0,0.36,27.55512195,0.218,1665,23.94,18410.592,15107.337,3330,276,3330,3600,269,3600,13.05818182,0.00158466,0,4.772012811,4.718553698,32.09743902,27.2,8240.365636,8182.485333
6,40,110,130,11,20.82317073,0,0.435,32.25817073,0.188,1690,28.29,15107.337,17761.8765,3600,269,3600,3434,293,3434,13.05692308,0.001592737,2,4.718553698,4.665094585,27.55512195,23.94,8197.789154,8240.365636
6,41,130,120,7,25.61585366,0,0.425,33.04085366,0.216,1665,28.29,17761.8765,17471.904,3434,293,3434,3274,282,3274,14.145,0.001619171,1,4.665094585,4.611635472,32.25817073,28.29,8735.952,8197.789154
6,42,120,120,8,24.41463415,0,0.43,32.84463415,0.209,1689,28.29,17471.904,17826.0948,3274,282,3274,3231,284,3231,14.145,0.001586999,1,4.611635472,4.558176358,33.04085366,28.29,8913.0474,8735.952
6,43,120,125,6,26.81707317,0,0.42,33.23707317,0.202,1675,28.29,17826.0948,17654.9403,3231,284,3231,3414,303,3414,13.5792,0.001602384,3,4.558176358,4.504717245,32.84463415,28.29,8474.371344,8913.0474
6,44,125,125,7,24.8902439,0,0.48,32.3702439,0.256,1683,27.75,17654.9403,18172.6425,3414,303,3414,3364,305,3364,13.32,0.001527021,3,4.504717245,4.451258132,33.23707317,28.29,8722.8684,8474.371344
6,45,125,130,8,24.3597561,0,0.475,32.8347561,0.232,1695,28.29,18172.6425,18183.9633,3364,305,3364,3340,312,3340,13.05692308,0.001555766,4,4.451258132,4.397799019,32.3702439,27.75,8392.598446,8722.8684
6,46,130,115,6,22.98170732,0,0.475,29.45670732,0.211,1678,25.2,18183.9633,15914.808,3340,312,3340,3450,301,3450,13.14782609,0.001583431,3,4.397799019,4.344339906,32.8347561,28.29,8303.378087,8392.598446
6,47,115,110,5,24.6804878,0,0.432,30.1124878,0.269,1656,25.57,15914.808,16121.1179,3450,301,3450,3366,311,3366,13.94727273,0.001586118,4,4.344339906,4.290880792,29.45670732,25.2,8793.337036,8303.378087
6,48,110,120,4,29.15853659,0,0.46,33.61853659,0.197,1681,28.29,16121.1179,16987.8621,3366,311,3366,3404,333,3404,14.145,0.001665307,6,4.290880792,4.237421679,30.1124878,25.57,8493.93105,8793.337036
6,49,120,120,7,24.31707317,0,0.4,31.71707317,0.199,1655,27.2,16987.8621,16468.784,3404,333,3404,3345,334,3345,13.6,0.001651609,6,4.237421679,4.183962566,33.61853659,28.29,8234.392,8493.93105
6,50,120,110,5,26.70731707,0,0.4,32.10731707,0.214,1669,27.2,16468.784,16228.88,3345,334,3345,3300,343,3300,14.83636364,0.001676024,7,4.183962566,4.130503453,31.71707317,27.2,8852.116364,8234.392
6,51,110,125,5,30.67560976,0,0.416,36.09160976,0.213,1669,30.47,16228.88,18013.2546,3300,343,3300,3274,365,3274,14.6256,0.001691532,8,4.130503453,4.07704434,32.10731707,27.2,8646.362208,8852.116364
6,52,125,125,6,28.16097561,0,0.408,34.56897561,0.228,1680,29.38,18013.2546,16861.182,3274,365,3274,3182,362,3182,14.1024,0.001742464,8,4.07704434,4.023585226,36.09160976,30.47,8093.36736,8646.362208
6,53,125,120,6,26.86463415,0,0.381,33.24563415,0.24,1674,28.29,16861.182,17469.9237,3182,362,3182,3182,368,3182,14.145,0.001619355,8,4.023585226,3.970126113,34.56897561,29.38,8734.96185,8093.36736
6,54,120,125,7,19.00243902,0,0.408,26.41043902,0.207,1692,22.85,17469.9237,14948.927,3182,368,3182,3540,324,3540,10.968,0.001528538,6,3.970126113,3.916667,33.24563415,28.29,7175.48496,8734.96185
7,1,0,100,8,23.23414634,0,0.31,31.54414634,0.247,1640,27.202,0,10464.06536,0,0,0,3749,257,3749,16.3212,0.002599563,0,6.75,6.696540887,0,0,6278.439216,7175.48496
7,2,100,125,0,28.0804878,0,0.368,28.4484878,0.236,1691,23.394,10464.06536,16551.95682,3749,257,3749,3747,256,3747,11.22912,0.001413368,0,6.696540887,6.643081774,31.54414634,27.202,7944.939274,6278.439216
7,3,125,110,5,22.55609756,0,0.542,28.09809756,0.23,1676,23.938,16551.95682,15862.99446,3747,256,3747,3749,256,3749,13.05709091,0.001509047,0,6.643081774,6.58962266,28.4484878,23.394,8652.542433,7944.939274
7,4,110,110,1,26.74878049,0,0.48,28.22878049,0.248,1676,23.394,15862.99446,15549.9918,3749,256,3749,3749,258,3749,12.76036364,0.001504438,0,6.58962266,6.536163547,28.09809756,23.938,8481.813709,8652.542433
7,5,110,130,0,31.25,0,0.489,31.739,0.243,1684,26.114,15549.9918,16685.01802,3749,258,3749,3748,258,3748,12.05261538,0.001565117,0,6.536163547,6.482704434,28.22878049,23.394,7700.777548,8481.813709
7,6,130,125,0,28.59390244,0,0.491,29.08490244,0.252,1664,23.938,16685.01802,16373.11324,3748,258,3748,3747,258,3747,11.49024,0.001462031,0,6.482704434,6.429245321,31.739,26.114,7859.094355,7700.777548
7,7,125,120,0,29.26463415,0,0.485,29.74963415,0.225,1686,24.482,16373.11324,16604.9165,3747,258,3747,3745,259,3745,12.241,0.001474383,0,6.429245321,6.375786208,29.08490244,23.938,8302.45825,7859.094355
7,8,120,115,0,31.87682927,0,0.519,32.39582927,0.233,1679,26.658,16604.9165,17072.04978,3745,259,3745,3747,259,3747,13.90852174,0.0015615,0,6.375786208,6.322327094,29.74963415,24.482,8907.156407,8302.45825
7,9,115,125,0,31.32804878,0,0.425,31.75304878,0.251,1686,26.114,17072.04978,16714.00456,3747,259,3747,3747,259,3747,12.53472,0.001562402,0,6.322327094,6.268867981,32.39582927,26.658,8022.722189,8907.156407
7,10,125,105,0,29.30121951,0,0.455,29.75621951,0.259,1687,24.482,16714.00456,15228.04882,3747,259,3747,3746,259,3746,13.98971429,0.001607691,0,6.268867981,6.215408868,31.75304878,26.114,8701.742183,8022.722189
7,11,105,125,0,32.58536585,0,0.482,33.06736585,0.222,1660,27.202,15228.04882,17836.89544,3746,259,3746,3746,260,3746,13.05696,0.001525041,0,6.215408868,6.161949755,29.75621951,24.482,8561.709811,8701.742183
7,12,125,110,0,29.97073171,0,0.45,30.42073171,0.264,1675,25.026,17836.89544,15508.11168,3746,260,3746,3746,260,3746,13.65054545,0.001613736,0,6.161949755,6.108490642,33.06736585,27.202,8458.970007,8561.709811
7,13,110,110,0,29.93536585,0,0.479,30.41436585,0.23,1657,25.026,15508.11168,17816.0094,3746,260,3746,3747,261,3747,13.65054545,0.001404692,0,6.108490642,6.055031528,30.42073171,25.026,9717.823309,8458.970007
7,14,110,110,0,29.88780488,0,0.518,30.40580488,0.226,1659,25.026,17816.0094,16941.10044,3747,261,3747,3744,263,3744,13.65054545,0.001477236,0,6.055031528,6.001572415,30.41436585,25.026,9240.60024,9717.823309
7,15,110,115,0,29.97073171,0,0.45,30.42073171,0.288,1673,25.026,16941.10044,16304.93952,3744,263,3744,3746,262,3746,13.05704348,0.001534872,0,6.001572415,5.948113302,30.40580488,25.026,8506.924967,9240.60024
7,16,115,115,0,29.84878049,0,0.55,30.39878049,0.233,1654,25.026,16304.93952,16804.959,3746,262,3746,3747,262,3747,13.05704348,0.001489203,0,5.948113302,5.894654189,30.42073171,25.026,8767.804696,8506.924967
7,17,115,115,0,32.53902439,0,0.52,33.05902439,0.255,1663,27.202,16804.959,16946.02994,3747,262,3747,3748,263,3748,14.19234783,0.001605214,0,5.894654189,5.841195075,30.39878049,25.026,8841.406925,8767.804696
7,18,115,155,0,32.56829268,0,0.496,33.06429268,0.224,1689,27.202,16946.02994,17716.11856,3748,263,3748,3745,264,3745,10.52980645,0.001535438,0,5.841195075,5.787735962,33.05902439,27.202,6857.852346,8841.406925
7,19,155,115,0,31.33536585,0,0.419,31.75436585,0.192,1678,26.114,17716.11856,16407.94848,3745,264,3745,3744,264,3744,13.62469565,0.001591546,0,5.787735962,5.734276849,33.06429268,27.202,8560.668772,6857.852346
7,20,115,120,0,33.86341463,0,0.522,34.38541463,0.235,1686,28.29,16407.94848,17673.8946,3744,264,3744,3737,266,3737,14.145,0.001600666,0,5.734276849,5.680817736,31.75436585,26.114,8836.9473,8560.668772
7,21,120,110,0,22.59878049,0,0.51,23.10878049,0.239,1682,19.041,17673.8946,16563.95631,3737,266,3737,3740,266,3740,10.386,0.001149544,0,5.680817736,5.627358623,34.38541463,28.29,9034.88526,8836.9473
7,22,110,280,0,29.89756098,0,0.51,30.40756098,0.239,1663,25.026,16563.95631,17763.95532,3740,266,3740,3726,264,3726,5.362714286,0.001408808,0,5.627358623,5.573899509,23.10878049,19.041,3806.561854,9034.88526
7,23,280,135,0,32.73414634,0,0.36,33.09414634,0.276,1700,27.202,17763.95532,17771.0666,3726,264,3726,3675,267,3675,12.08977778,0.00153069,0,5.573899509,5.520440396,30.40756098,25.026,7898.251822,3806.561854
7,24,135,150,0,32.70365854,0,0.385,33.08865854,0.291,1700,27.202,17771.0666,18565.09298,3675,267,3675,3692,267,3692,10.8808,0.001465223,0,5.520440396,5.466981283,33.09414634,27.202,7426.037192,7898.251822
7,25,150,140,0,33.90609756,0,0.487,34.39309756,0.284,1672,28.29,18565.09298,18260.0634,3692,267,3692,3665,268,3665,12.12428571,0.001549283,0,5.466981283,5.41352217,33.08865854,27.202,7825.741457,7426.037192
7,26,140,115,0,35.23902439,0,0.482,35.72102439,0.262,1672,29.378,18260.0634,17021.90698,3665,268,3665,3625,268,3625,15.32765217,0.001725894,0,5.41352217,5.360063057,34.39309756,28.29,8880.994946,7825.741457
7,27,115,120,0,33.95731707,0,0.445,34.40231707,0.328,1641,28.29,17021.90698,17387.8827,3625,268,3625,3629,268,3629,14.145,0.001626995,0,5.360063057,5.306603943,35.72102439,29.378,8693.94135,8880.994946
7,28,120,120,0,33.1902439,0,0.53,33.7202439,0.258,1690,27.746,17387.8827,17915.86966,3629,268,3629,3587,270,3587,13.873,0.001548683,0,5.306603943,5.25314483,34.40231707,28.29,8957.93483,8693.94135
7,29,120,130,0,35.16219512,0,0.545,35.70719512,0.228,1667,29.378,17915.86966,18211.12842,3587,270,3587,3548,270,3548,13.55907692,0.001613189,0,5.25314483,5.199685717,33.7202439,27.746,8405.136194,8957.93483
7,30,130,125,0,33.86585366,0,0.52,34.38585366,0.211,1696,28.29,18211.12842,17878.9971,3548,270,3548,3540,271,3540,13.5792,0.001582304,0,5.199685717,5.146226604,35.70719512,29.378,8581.918608,8405.136194
7,31,125,110,0,33.95731707,0,0.445,34.40231707,0.277,1702,28.29,17878.9971,17157.885,3540,271,3540,3517,271,3517,15.43090909,0.001648805,0,5.146226604,5.092767491,34.38585366,28.29,9358.846364,8581.918608
7,32,110,120,0,33.84756098,0,0.535,34.38256098,0.233,1725,28.29,17157.885,17678.1381,3517,271,3517,3491,272,3491,14.145,0.001600282,0,5.092767491,5.039308377,34.40231707,28.29,8839.06905,9358.846364
7,33,120,235,0,31.41463415,0,0.35,31.76463415,0.207,1700,26.11,17678.1381,18174.1266,3491,272,3491,3456,273,3456,6.666382979,0.001436658,0,5.039308377,4.985849264,34.38256098,28.29,4640.202536,8839.06905
7,34,235,105,0,28.09756098,0,0.35,28.44756098,0.261,1659,23.39,18174.1266,15518.3294,3456,273,3456,3576,269,3576,13.36571429,0.00150725,0,4.985849264,4.932390151,31.76463415,26.11,8867.6168,4640.202536
7,35,105,120,0,34.04512195,0,0.373,34.41812195,0.231,1689,28.29,15518.3294,17807.9892,3576,269,3576,3366,275,3366,14.145,0.001588613,0,4.932390151,4.878931038,28.44756098,23.39,8903.9946,8867.6168
7,36,120,120,0,34.06585366,0,0.356,34.42185366,0.23,1689,28.29,17807.9892,17157.885,3366,275,3366,3338,276,3338,14.145,0.001648805,0,4.878931038,4.825471925,34.41812195,28.29,8578.9425,8903.9946
7,37,120,120,0,30.02439024,0,0.41,30.43439024,0.219,1687,25.03,17157.885,17215.634,3338,276,3338,3323,276,3323,12.515,0.001453911,0,4.825471925,4.772012811,34.42185366,28.29,8607.817,8578.9425
7,38,120,120,0,31.39634146,0,0.365,31.76134146,0.284,1700,26.11,17215.634,20130.81,3323,276,3323,3252,278,3252,13.055,0.001297017,0,4.772012811,4.718553698,30.43439024,25.03,10065.405,8607.817
7,39,120,105,0,31.40853659,0,0.355,31.76353659,0.273,1675,26.11,20130.81,15844.5924,3252,278,3252,3334,274,3334,14.92,0.001647881,0,4.718553698,4.665094585,31.76134146,26.11,9054.0528,10065.405
7,40,105,110,0,30.07926829,0,0.365,30.44426829,0.204,1675,25.03,15844.5924,15601.4493,3334,274,3334,3511,277,3511,13.65272727,0.001604338,1,4.665094585,4.611635472,31.76353659,26.11,8509.881436,9054.0528
7,41,110,140,0,36.5902439,0,0.466,37.0562439,0.237,1695,30.47,15601.4493,19528.5277,3511,277,3511,3344,293,3344,13.05857143,0.001560281,2,4.611635472,4.558176358,30.44426829,25.03,8369.369014,8509.881436
7,42,140,115,0,30.01829268,0,0.415,30.43329268,0.25,1665,25.03,19528.5277,15836.481,3344,293,3344,3671,283,3671,13.05913043,0.001580528,1,4.558176358,4.504717245,37.0562439,30.47,8262.511826,8369.369014
7,43,115,125,0,33.98170732,0,0.425,34.40670732,0.196,1700,28.29,15836.481,18411.9807,3671,283,3671,3392,305,3392,13.5792,0.0015365,3,4.504717245,4.451258132,30.43329268,25.03,8837.750736,8262.511826
7,44,125,115,0,30.06097561,0,0.38,30.44097561,0.186,1685,25.03,18411.9807,15413.474,3392,305,3392,3505,288,3505,13.05913043,0.001623904,2,4.451258132,4.397799019,34.40670732,28.29,8041.812522,8837.750736
7,45,115,110,0,31.2804878,0,0.46,31.7404878,0.191,1685,26.11,15413.474,16237.5479,3505,288,3505,3360,293,3360,14.24181818,0.001608001,2,4.397799019,4.344339906,30.44097561,25.03,8856.844309,8041.812522
7,46,110,140,0,36.45731707,0,0.575,37.03231707,0.247,1658,30.47,16237.5479,19380.4435,3360,293,3360,3270,308,3270,13.05857143,0.001572203,3,4.344339906,4.290880792,31.7404878,26.11,8305.904357,8856.844309
7,47,140,115,0,35.15243902,0,0.555,35.70743902,0.238,1629,29.38,19380.4435,17426.1594,3270,308,3270,3301,314,3301,15.32869565,0.001685971,4,4.290880792,4.237421679,37.03231707,30.47,9091.909252,8305.904357
7,48,115,120,0,33.32926829,0,0.42,33.74926829,0.256,1656,27.75,17426.1594,17077.35,3301,314,3301,3360,319,3360,13.875,0.001624959,5,4.237421679,4.183962566,35.70743902,29.38,8538.675,9091.909252
7,49,120,130,0,33.87073171,0,0.516,34.38673171,0.236,1684,28.29,17077.35,17757.0672,3360,319,3360,3270,322,3270,13.05692308,0.001593168,5,4.183962566,4.130503453,33.74926829,27.75,8195.569477,8538.675
7,50,130,115,0,31.35731707,0,0.397,31.75431707,0.304,1657,26.11,17757.0672,16492.3815,3270,322,3270,3357,318,3357,13.6226087,0.001583155,5,4.130503453,4.07704434,34.38673171,28.29,8604.720783,8195.569477
7,51,115,120,0,31.91463415,0,0.49,32.40463415,0.232,1652,26.66,16492.3815,16161.292,3357,318,3357,3318,312,3318,13.33,0.001649621,4,4.07704434,4.023585226,31.75431707,26.11,8080.646,8604.720783
7,52,120,120,0,31.98780488,0,0.43,32.41780488,0.252,1667,26.66,16161.292,16937.3646,3318,312,3318,3366,334,3366,13.33,0.001574035,6,4.023585226,3.970126113,32.40463415,26.66,8468.6823,8080.646
7,53,120,135,0,36.67073171,0,0.4,37.07073171,0.217,1685,30.47,16937.3646,18558.3629,3366,334,3366,3424,361,3424,13.54222222,0.001641847,8,3.970126113,3.916667,32.41780488,26.66,8248.161289,8468.6823
8,1,0,105,0,31.76097561,0,0.07,31.83097561,0.191,1699,26.114,0,16431.97336,0,0,0,3743,256,3743,14.92228571,0.001589219,0,6.75,6.703551918,0,0,9389.699063,8248.161289
8,2,105,110,7,21.65121951,0,0.412,29.06321951,0.23,1690,25.026,16431.97336,15702.06318,3743,256,3743,3747,256,3747,13.65054545,0.001593803,0,6.703551918,6.657103836,31.83097561,26.114,8564.761735,9389.699063
8,3,110,110,2,28.99268293,0,0.38,31.37268293,0.267,1658,26.114,15702.06318,15533.12948,3747,256,3747,3748,256,3748,14.244,0.001681181,0,6.657103836,6.610655754,29.06321951,25.026,8472.61608,8564.761735
8,4,110,110,3,27.77926829,0,0.395,31.17426829,0.202,1670,26.114,15533.12948,16740.11856,3748,256,3748,3749,256,3749,14.244,0.001559965,0,6.610655754,6.564207672,31.37268293,26.114,9130.97376,8472.61608
8,5,110,110,0,31.38902439,0,0.375,31.76402439,0.221,1656,26.114,16740.11856,15829.0011,3749,256,3749,3747,257,3747,14.244,0.001649757,0,6.564207672,6.51775959,31.17426829,26.114,8634.0006,9130.97376
8,6,110,110,6,24.2,0,0.39,30.59,0.169,1657,26.114,15829.0011,16223.06136,3747,257,3747,3750,255,3750,14.244,0.001609684,0,6.51775959,6.471311508,31.76402439,26.114,8848.94256,8634.0006
8,7,110,140,0,32.73414634,0,0.36,33.09414634,0.214,1686,27.202,16223.06136,17409.00798,3750,255,3750,3752,258,3752,11.658,0.001562524,0,6.471311508,6.424863426,30.59,26.114,7461.00342,8848.94256
8,8,140,150,2,30.3195122,0,0.38,32.6995122,0.201,1692,27.202,17409.00798,16897.06634,3752,258,3752,3749,257,3749,10.8808,0.001609865,0,6.424863426,6.378415344,33.09414634,27.202,6758.826536,7461.00342
8,9,150,110,0,32.76463415,0,0.335,33.09963415,0.252,1679,27.202,16897.06634,16607.90908,3749,257,3749,3748,258,3748,14.83745455,0.001637894,0,6.378415344,6.331967262,32.6995122,27.202,9058.859498,6758.826536
8,10,110,115,0,32.77073171,0,0.33,33.10073171,0.209,1692,27.202,16607.90908,15786.95272,3748,258,3748,3746,258,3746,14.19234783,0.001723068,0,6.331967262,6.28551918,33.09963415,27.202,8236.670984,9058.859498
8,11,115,115,0,29.48414634,0,0.305,29.78914634,0.219,1690,24.482,15786.95272,16080.02242,3746,258,3746,3748,259,3748,12.77321739,0.00152251,0,6.28551918,6.239071098,33.10073171,27.202,8389.576915,8236.670984
8,12,115,120,0,31.3597561,0,0.399,31.7587561,0.174,1681,26.114,16080.02242,16300.88108,3748,259,3748,3744,259,3744,13.057,0.001601999,0,6.239071098,6.192623016,29.78914634,24.482,8150.44054,8389.576915
8,13,120,105,0,30.09268293,0,0.35,30.44268293,0.247,1669,25.026,16300.88108,15627.98622,3744,259,3744,3748,259,3748,14.30057143,0.001601358,0,6.192623016,6.146174934,31.7587561,26.114,8930.27784,8150.44054
8,14,105,105,0,30.0804878,0,0.36,30.4404878,0.227,1680,25.026,15627.98622,15383.98272,3748,259,3748,3747,260,3747,14.30057143,0.001626757,0,6.146174934,6.099726852,30.44268293,25.026,8790.847269,8930.27784
8,15,105,115,0,31.38902439,0,0.375,31.76402439,0.193,1692,26.114,15383.98272,17287.99028,3747,260,3747,3746,260,3746,13.62469565,0.001510528,0,6.099726852,6.05327877,30.4404878,25.026,9019.821016,8790.847269
8,16,115,115,2,31.68292683,0,0.35,34.03292683,0.192,1658,28.29,17287.99028,16854.8991,3746,260,3746,3748,260,3748,14.76,0.001678444,0,6.05327877,6.006830689,31.76402439,26.114,8793.8604,9019.821016
8,17,115,155,2,31.71707317,0,0.322,34.03907317,0.218,1685,28.29,16854.8991,17355.0663,3748,260,3748,3748,261,3748,10.95096774,0.001630072,0,6.006830689,5.960382607,34.03292683,28.29,6718.090181,8793.8604
8,18,155,115,2,30.37804878,0,0.332,32.71004878,0.237,1680,27.202,17355.0663,17021.10746,3748,261,3748,3748,261,3748,14.19234783,0.001598133,0,5.960382607,5.913934525,34.03907317,28.29,8880.577805,6718.090181
8,19,115,110,4,23.27317073,0,0.39,27.66317073,0.193,1660,23.394,17021.10746,16317.08106,3748,261,3748,3748,262,3748,12.76036364,0.001433712,0,5.913934525,5.867486443,32.71004878,27.202,8900.226033,8880.577805
8,20,110,115,5,26.74634146,0,0.37,32.11634146,0.202,1660,27.202,16317.08106,16907.94714,3748,262,3748,3749,262,3749,14.19234783,0.001608829,0,5.867486443,5.821038361,27.66317073,23.394,8821.537638,8900.226033
8,21,115,130,4,30.6195122,0,0.35,34.9695122,0.202,1662,29.378,16907.94714,18053.95612,3749,262,3749,3748,262,3748,13.55907692,0.001627233,0,5.821038361,5.774590279,32.11634146,27.202,8332.595132,8821.537638
8,22,130,115,5,26.79512195,0,0.33,32.12512195,0.202,1675,27.202,18053.95612,16909.03522,3748,262,3748,3743,263,3743,14.19234783,0.001608726,0,5.774590279,5.728142197,34.9695122,29.378,8822.105332,8332.595132
8,23,115,110,5,26.77073171,0,0.35,32.12073171,0.217,1677,27.202,16909.03522,16125.88964,3743,263,3743,3746,264,3746,14.83745455,0.001686853,0,5.728142197,5.681694115,32.12512195,27.202,8795.939804,8822.105332
8,24,110,120,7,25.68292683,0,0.37,33.05292683,0.194,1672,28.29,16125.88964,17189.004,3746,264,3746,3718,265,3718,14.145,0.00164582,0,5.681694115,5.635246033,32.12073171,27.202,8594.502,8795.939804
8,25,120,115,4,26.63902439,0,0.35,30.98902439,0.211,1671,26.114,17189.004,16652.11438,3718,265,3718,3744,265,3744,13.62469565,0.001568209,0,5.635246033,5.588797951,33.05292683,28.29,8688.059677,8594.502
8,26,115,125,4,29.26219512,0,0.375,33.63719512,0.205,1671,28.29,16652.11438,17914.0767,3744,265,3744,3730,265,3730,13.5792,0.001579205,0,5.588797951,5.542349869,30.98902439,26.114,8598.756816,8688.059677
8,27,125,110,5,24.09878049,0,0.365,29.46378049,0.227,1661,25.026,17914.0767,16147.02546,3730,265,3730,3694,267,3694,13.65054545,0.001549883,0,5.542349869,5.495901787,33.63719512,28.29,8807.468433,8598.756816
8,28,110,120,4,29.22073171,0,0.409,33.62973171,0.203,1679,28.29,16147.02546,17628.0648,3694,267,3694,3669,267,3669,14.145,0.001604827,0,5.495901787,5.449453705,29.46378049,25.026,8814.0324,8807.468433
8,29,120,115,5,27.98902439,0,0.439,33.42802439,0.199,1687,28.29,17628.0648,17297.0718,3669,267,3669,3621,268,3621,14.76,0.001635537,0,5.449453705,5.403005623,33.62973171,28.29,9024.5592,8814.0324
8,30,115,120,9,24.61585366,0,0.375,33.99085366,0.198,1695,29.38,17297.0718,17915.3364,3621,268,3621,3651,268,3651,14.69,0.001639936,0,5.403005623,5.356557541,33.42802439,28.29,8957.6682,9024.5592
8,31,120,120,8,27.12195122,0,0.39,35.51195122,0.215,1688,30.47,17915.3364,18249.3971,3651,268,3651,3640,268,3640,15.235,0.001669644,0,5.356557541,5.310109459,33.99085366,29.38,9124.69855,8957.6682
8,32,120,120,5,25.42682927,0,0.36,30.78682927,0.219,1685,26.11,18249.3971,16502.5644,3640,268,3640,3597,269,3597,13.055,0.001582178,0,5.310109459,5.263661377,35.51195122,30.47,8251.2822,9124.69855
8,33,120,125,7,25.67682927,0,0.375,33.05182927,0.204,1669,28.29,16502.5644,18376.9011,3597,269,3597,3546,270,3546,13.5792,0.001539433,0,5.263661377,5.217213295,30.78682927,26.11,8820.912528,8251.2822
8,34,125,105,5,26.77439024,0,0.345,32.11939024,0.207,1688,27.2,18376.9011,16628.72,3546,270,3546,3494,270,3494,15.54285714,0.001635724,0,5.217213295,5.170765213,33.05182927,28.29,9502.125714,8820.912528
8,35,105,110,5,28.1304878,0,0.323,33.4534878,0.201,1680,28.29,16628.72,16927.8873,3494,270,3494,3466,272,3466,15.43090909,0.001671207,0,5.170765213,5.124317131,32.11939024,27.2,9233.393073,9502.125714
8,36,110,120,5,28.09756098,0,0.35,33.44756098,0.198,1680,28.29,16927.8873,17688.8883,3466,272,3466,3451,272,3451,14.145,0.001599309,0,5.124317131,5.077869049,33.4534878,28.29,8844.44415,9233.393073
8,37,120,120,3,30.3902439,0,0.43,33.8202439,0.193,1662,28.29,17688.8883,17733.0207,3451,272,3451,3451,272,3451,14.145,0.001595329,0,5.077869049,5.031420967,33.44756098,28.29,8866.51035,8844.44415
8,38,120,110,2,30.35365854,0,0.35,32.70365854,0.205,1689,27.2,17733.0207,16869.712,3451,272,3451,3378,274,3378,14.83636364,0.001612357,0,5.031420967,4.984972885,33.8202439,28.29,9201.661091,8866.51035
8,39,110,110,2,28.96341463,0,0.4,31.36341463,0.174,1662,26.11,16869.712,16458.4385,3378,274,3378,3382,274,3382,14.24181818,0.00158642,0,4.984972885,4.938524803,32.70365854,27.2,8977.330091,9201.661091
8,40,110,125,5,30.68414634,0,0.409,36.09314634,0.204,1658,30.47,16458.4385,18316.4311,3382,274,3382,3307,276,3307,14.6256,0.001663534,0,4.938524803,4.892076721,31.36341463,26.11,8791.886928,8977.330091
8,41,125,155,6,30.87804878,0,0.36,37.23804878,0.22,1685,31.56,18316.4311,19018.056,3307,276,3307,3216,276,3216,12.21677419,0.001659476,0,4.892076721,4.845628639,36.09314634,30.47,7361.828129,8791.886928
8,42,155,125,5,29.37195122,0,0.395,34.76695122,0.205,1653,29.38,19018.056,17741.113,3216,276,3216,3277,277,3277,14.1024,0.00165604,0,4.845628639,4.799180557,37.23804878,31.56,8515.73424,7361.828129
8,43,125,150,10,24.70731707,0,0.41,35.11731707,0.189,1695,30.47,17741.113,18540.3856,3277,277,3277,3247,277,3247,12.188,0.001643439,0,4.799180557,4.752732475,34.76695122,29.38,7416.15424,8515.73424
8,44,150,110,4,27.19512195,0,0.44,31.63512195,0.248,1678,26.66,18540.3856,16161.292,3247,277,3247,3228,276,3228,14.54181818,0.001649621,0,4.752732475,4.706284393,35.11731707,30.47,8815.250182,7416.15424
8,45,110,115,7,23.02439024,0,0.37,30.39439024,0.208,1689,26.11,16161.292,16413.5293,3228,276,3228,3226,277,3226,13.6226087,0.001590761,0,4.706284393,4.659836311,31.63512195,26.66,8563.580504,8815.250182
8,46,115,135,7,24.23170732,0,0.47,31.70170732,0.254,1685,27.2,16413.5293,18362.72,3226,277,3226,3338,291,3338,12.08888889,0.001481262,2,4.659836311,4.61338823,30.39439024,26.11,8161.208889,8563.580504
8,47,135,115,4,25.18902439,0,0.455,29.64402439,0.167,1683,25.03,18362.72,15752.6305,3338,291,3338,3559,285,3559,13.05913043,0.001588941,2,4.61338823,4.566940148,31.70170732,27.2,8218.763739,8161.208889
8,48,115,140,5,30.69512195,0,0.4,36.09512195,0.192,1690,30.47,15752.6305,19239.6721,3559,285,3559,3395,303,3395,13.05857143,0.001583707,3,4.566940148,4.520492066,29.64402439,25.03,8245.573757,8218.763739
8,49,140,130,5,26.70731707,0,0.4,32.10731707,0.192,1690,27.2,19239.6721,17282.608,3395,303,3395,3286,293,3286,12.55384615,0.001573837,2,4.520492066,4.474043984,36.09512195,30.47,7976.588308,8245.573757
8,50,130,110,3,27.15487805,0,0.363,30.51787805,0.202,1664,25.57,17282.608,15841.1264,3286,293,3286,3422,289,3422,13.94727273,0.001614153,2,4.474043984,4.427595902,32.10731707,27.2,8640.6144,7976.588308
8,51,110,145,3,35.75,0,0.385,39.135,0.21,1661,32.64,15841.1264,19763.1936,3422,289,3422,3332,312,3332,13.5062069,0.001651555,4,4.427595902,4.38114782,30.51787805,25.57,8177.873214,8640.6144
8,52,145,125,3,31.75243902,0,0.403,35.15543902,0.194,1685,29.38,19763.1936,17393.2538,3332,312,3332,3314,312,3314,14.1024,0.001689161,4,4.38114782,4.334699738,39.135,32.64,8348.761824,8177.873214
8,53,125,130,3,31.72560976,0,0.425,35.15060976,0.203,1671,29.38,17393.2538,18651.3054,3314,312,3314,3248,314,3248,13.56,0.001575225,4,4.334699738,4.288251656,35.15543902,29.38,8608.2948,8348.761824
8,54,130,120,3,26.47073171,0,0.384,29.85473171,0.24,1690,25.03,18651.3054,15488.564,3248,314,3248,3580,296,3580,12.515,0.001616031,3,4.288251656,4.241803574,35.15060976,29.38,7744.282,8608.2948
8,55,120,125,2,27.68292683,0,0.37,30.05292683,0.2,1662,25.03,15488.564,15731.6053,3580,296,3580,3656,295,3656,12.0144,0.001591065,3,4.241803574,4.195355492,29.85473171,25.03,7551.170544,7744.282
8,56,125,115,5,27.38414634,0,0.395,32.77914634,0.204,1670,27.75,15731.6053,16807.3425,3656,295,3656,3428,331,3428,14.47826087,0.001651064,6,4.195355492,4.14890741,30.05292683,25.03,8769.048261,7551.170544
8,57,115,135,5,32.01829268,0,0.405,37.42329268,0.207,1687,31.56,16807.3425,19248.1284,3428,331,3428,3295,345,3295,14.02666667,0.00163964,7,4.14890741,4.102459328,32.77914634,27.75,8554.723733,8769.048261
8,58,135,135,5,29.43292683,0,0.345,34.77792683,0.212,1668,29.38,19248.1284,17180.2488,3295,345,3295,3443,357,3443,13.05777778,0.001710103,8,4.102459328,4.056011246,37.42329268,31.56,7635.666133,8554.723733
8,59,135,110,3,29.19512195,0,0.32,32.51512195,0.26,1675,27.2,17180.2488,15912.816,3443,357,3443,3334,333,3334,14.83636364,0.001709314,6,4.056011246,4.009563164,34.77792683,29.38,8679.717818,7635.666133
8,60,110,130,4,26.5695122,0,0.403,30.9725122,0.196,1690,26.11,15912.816,17308.319,3334,333,3334,3337,340,3337,12.05076923,0.001508523,7,4.009563164,3.963115082,32.51512195,27.2,7988.454923,8679.717818
8,61,130,120,2,28.97926829,0,0.387,31.36626829,0.207,1687,26.11,17308.319,16122.4028,3337,340,3337,3506,333,3506,13.055,0.001619486,7,3.963115082,3.916667,30.9725122,26.11,8061.2014,7988.454923
9,1,0,105,0,33.00243902,0,0.14,33.14243902,0.206,1686,27.202,0,10480.9306,0,0,0,3748,256,3748,15.544,0.00259538,0,6.75,6.70502646,0,0,5989.1032,8061.2014
9,2,105,135,3,25.18658537,0,0.345,28.53158537,0.208,1688,23.938,10480.9306,16799.92778,3748,256,3748,3747,255,3747,10.63911111,0.001424887,0,6.70502646,6.660052921,33.14243902,27.202,7466.634569,5989.1032
9,3,135,110,5,25.44512195,0,0.349,30.79412195,0.279,1668,26.114,16799.92778,15923.0115,3747,255,3747,3749,255,3749,14.244,0.001640016,0,6.660052921,6.615079381,28.53158537,23.938,8685.279,7466.634569
9,4,110,135,6,26.85609756,0,0.388,33.24409756,0.218,1683,28.29,15923.0115,18456.9618,3749,255,3749,3744,256,3744,12.57333333,0.001532755,0,6.615079381,6.570105841,30.79412195,26.114,8203.094133,8685.279
9,5,135,125,3,27.80365854,0,0.375,31.17865854,0.22,1682,26.114,18456.9618,17157.94256,3744,256,3744,3746,255,3746,12.53472,0.001521977,0,6.570105841,6.525132302,33.24409756,28.29,8235.812429,8203.094133
9,6,125,110,3,26.5195122,0,0.34,29.8595122,0.206,1681,25.026,17157.94256,16270.90416,3746,255,3746,3747,256,3747,13.65054545,0.001538083,0,6.525132302,6.480158762,31.17865854,26.114,8875.038633,8235.812429
9,7,110,115,3,25.17439024,0,0.355,28.52939024,0.236,1691,23.938,16270.90416,15497.93996,3747,256,3747,3746,255,3746,12.4893913,0.001544592,0,6.480158762,6.435185222,29.8595122,25.026,8085.881718,8875.038633
9,8,115,105,4,22.64634146,0,0.36,27.00634146,0.283,1676,22.85,15497.93996,14810.913,3746,255,3746,3748,254,3748,13.05714286,0.001542781,0,6.435185222,6.390211683,28.52939024,23.938,8463.378857,8085.881718
9,9,105,130,4,26.60609756,0,0.377,30.98309756,0.265,1689,26.114,14810.913,17934.05064,3748,254,3748,3744,255,3744,12.05261538,0.001456113,0,6.390211683,6.345238143,27.00634146,22.85,8277.254142,8463.378857
9,10,130,115,4,26.60243902,0,0.38,30.98243902,0.227,1667,26.114,17934.05064,15878.09542,3744,255,3744,3750,256,3750,13.62469565,0.001644656,0,6.345238143,6.300264603,30.98309756,26.114,8284.223697,8277.254142
9,11,115,115,4,26.5902439,0,0.39,30.9802439,0.209,1674,26.114,15878.09542,16898.10826,3750,256,3750,3749,258,3749,13.62469565,0.00154538,0,6.300264603,6.255291063,30.98243902,26.114,8816.40431,8284.223697
9,12,115,115,3,25.05243902,0,0.455,28.50743902,0.257,1670,23.938,16898.10826,15569.03582,3749,258,3749,3748,255,3748,12.4893913,0.001537539,0,6.255291063,6.210317524,30.9802439,26.114,8122.97521,8816.40431
9,13,115,115,6,22.82195122,0,0.432,29.25395122,0.23,1655,25.026,15569.03582,16039.91418,3748,255,3748,3747,256,3747,13.05704348,0.001560233,0,6.210317524,6.165343984,28.50743902,23.938,8368.650877,8122.97521
9,14,115,125,8,21.70609756,0,0.475,30.18109756,0.252,1682,26.114,16039.91418,17691.97386,3747,256,3747,3750,256,3750,12.53472,0.001476037,0,6.165343984,6.120370444,29.25395122,25.026,8492.147453,8368.650877
9,15,125,135,3,28.96585366,0,0.51,32.47585366,0.242,1688,27.202,17691.97386,18108.09938,3750,256,3750,3749,257,3749,12.08977778,0.001502201,0,6.120370444,6.075396905,30.18109756,26.114,8048.044169,8492.147453
9,16,135,110,5,22.57682927,0,0.525,28.10182927,0.183,1685,23.938,18108.09938,15360.05708,3749,257,3749,3748,260,3748,13.05709091,0.001558458,0,6.075396905,6.030423365,32.47585366,27.202,8378.212953,8048.044169
9,17,110,95,3,23.7195122,0,0.46,27.1795122,0.215,1688,22.85,15360.05708,14307.0705,3748,260,3748,3748,256,3748,14.43157895,0.001597112,0,6.030423365,5.985449825,28.10182927,23.938,9036.044526,8378.212953
9,18,95,140,3,27.77317073,0,0.4,31.17317073,0.274,1694,26.114,14307.0705,19085.93918,3748,256,3748,3740,259,3740,11.19171429,0.001368232,0,5.985449825,5.940476286,27.1795122,22.85,8179.68822,9036.044526
9,19,140,110,3,25.04634146,0,0.46,28.50634146,0.255,1680,23.938,19085.93918,15501.0519,3740,259,3740,3745,258,3745,13.05709091,0.001544282,0,5.940476286,5.895502746,31.17317073,26.114,8455.119218,8179.68822
9,20,110,110,3,25.06463415,0,0.445,28.50963415,0.228,1685,23.938,15501.0519,15401.94858,3745,258,3745,3742,260,3742,13.05709091,0.001554219,0,5.895502746,5.850529206,28.50634146,23.938,8401.062862,8455.119218
9,21,110,115,3,28.33536585,0,0.483,31.81836585,0.217,1683,26.658,15401.94858,16682.04324,3742,260,3742,3747,262,3747,13.90852174,0.001598006,0,5.850529206,5.805555667,28.50963415,23.938,8703.674734,8401.062862
9,22,115,135,3,34.21341463,0,0.56,37.77341463,0.208,1680,31.555,16682.04324,19618.05905,3747,262,3747,3747,263,3747,14.02444444,0.001608467,0,5.805555667,5.760582127,31.81836585,26.658,8719.137356,8703.674734
9,23,135,175,4,30.42439024,0,0.51,34.93439024,0.226,1671,29.378,19618.05905,19326.90486,3747,263,3747,3742,264,3742,10.07245714,0.001520057,0,5.760582127,5.715608587,37.77341463,31.555,6626.367381,8719.137356
9,24,175,125,3,29.61707317,0,0.52,33.13707317,0.225,1691,27.746,19326.90486,17779.91426,3742,264,3742,3744,264,3744,13.31808,0.001560525,0,5.715608587,5.670635048,34.93439024,29.378,8534.358845,6626.367381
9,25,125,135,3,30.24268293,0,0.551,33.79368293,0.238,1678,28.29,17779.91426,18776.073,3744,264,3744,3738,265,3738,12.57333333,0.001506705,0,5.670635048,5.625661508,33.13707317,27.746,8344.921333,8534.358845
9,26,135,115,4,28.43414634,0,0.51,32.94414634,0.231,1658,27.746,18776.073,16731.11546,3738,265,3738,3744,263,3744,14.47617391,0.001658347,0,5.625661508,5.580687968,33.79368293,28.29,8729.277631,8344.921333
9,27,115,120,5,27.84146341,0,0.56,33.40146341,0.216,1678,28.29,16731.11546,17389.863,3744,263,3744,3709,265,3709,14.145,0.00162681,0,5.580687968,5.535714429,32.94414634,27.746,8694.9315,8729.277631
9,28,120,105,4,26.60243902,0,0.38,30.98243902,0.181,1681,26.114,17389.863,16506.92054,3709,265,3709,3636,265,3636,14.92228571,0.001582003,0,5.535714429,5.490740889,33.40146341,28.29,9432.526023,8694.9315
9,29,105,135,4,29.09756098,0,0.51,33.60756098,0.226,1685,28.29,16506.92054,18168.1209,3636,265,3636,3693,266,3693,12.57333333,0.001557123,0,5.490740889,5.445767349,30.98243902,26.114,8074.7204,9432.526023
9,30,135,120,4,29.78658537,0,0.485,34.27158537,0.224,1680,28.83,18168.1209,17165.6703,3693,266,3693,3634,267,3634,14.415,0.001679515,0,5.445767349,5.40079381,33.60756098,28.29,8582.83515,8074.7204
9,31,120,130,4,26.63414634,0,0.35,30.98414634,0.254,1677,26.11,17165.6703,16279.585,3634,267,3634,3679,264,3679,12.05076923,0.001603849,0,5.40079381,5.35582027,34.27158537,28.83,7513.654615,8582.83515
9,32,130,130,2,27.37073171,0,0.626,29.99673171,0.197,1695,25.03,16279.585,17413.8716,3679,264,3679,3621,268,3621,11.55230769,0.00143736,0,5.35582027,5.31084673,30.98414634,26.11,8037.171508,7513.654615
9,33,130,165,2,31.40853659,0,0.575,33.98353659,0.239,1685,28.29,17413.8716,18387.0855,3621,268,3621,3606,274,3606,10.28727273,0.00153858,1,5.31084673,5.26587319,29.99673171,25.03,6686.212909,8037.171508
9,34,165,135,0,33.56463415,0,0.557,34.12163415,0.234,1673,28.08,18387.0855,18661.968,3606,274,3606,3532,271,3532,12.48,0.001504664,0,5.26587319,5.220899651,33.98353659,28.29,8294.208,6686.212909
9,35,135,115,0,30.73780488,0,0.625,31.36280488,0.259,1679,25.83,18661.968,16065.2268,3532,271,3532,3541,268,3541,13.47652174,0.00160782,0,5.220899651,5.175926111,34.12163415,28.08,8381.857461,8294.208
9,36,115,105,0,29.41463415,0,0.59,30.00463415,0.233,1657,24.71,16065.2268,15427.9356,3541,268,3541,3664,265,3664,14.12,0.00160164,0,5.175926111,5.130952571,31.36280488,25.83,8815.9632,8381.857461
9,37,105,110,0,29.43292683,0,0.575,30.00792683,0.232,1661,24.71,15427.9356,15620.9207,3664,265,3664,3581,269,3581,13.47818182,0.001581853,0,5.130952571,5.085979032,30.00463415,24.71,8520.5022,8815.9632
9,38,110,135,0,33.42073171,0,0.675,34.09573171,0.203,1660,28.08,15620.9207,18337.9248,3581,269,3581,3357,275,3357,12.48,0.001531253,0,5.085979032,5.041005492,30.00792683,24.71,8150.1888,8520.5022
9,39,135,120,0,34.85365854,0,0.62,35.47365854,0.253,1680,29.2,18337.9248,17821.052,3357,275,3357,3348,276,3348,14.6,0.001638512,0,5.041005492,4.996031952,34.09573171,28.08,8910.526,8150.1888
9,40,120,115,0,30.80121951,0,0.573,31.37421951,0.22,1673,25.83,17821.052,16211.1663,3348,276,3348,3446,278,3446,13.47652174,0.001593346,1,4.996031952,4.951058413,35.47365854,29.2,8457.999809,8910.526
9,41,115,135,0,34.82317073,0,0.645,35.46817073,0.244,1682,29.2,16211.1663,18869.916,3446,278,3446,3347,282,3347,12.97777778,0.001547437,1,4.951058413,4.906084873,31.37421951,25.83,8386.629333,8457.999809
9,42,135,110,0,31.37195122,0,0.385,31.75695122,0.209,1661,26.11,18869.916,16561.573,3347,282,3347,3382,279,3382,14.24181818,0.001576541,1,4.906084873,4.861111333,35.46817073,29.2,9033.585273,8386.629333
9,43,110,185,0,33.69878049,0,0.657,34.35578049,0.231,1690,28.29,16561.573,18795.0273,3382,279,3382,3390,290,3390,9.175135135,0.001505185,2,4.861111333,4.816137794,31.75695122,26.11,6095.68453,9033.585273
9,44,185,155,0,39.7097561,0,0.628,40.3377561,0.287,1677,33.19,18795.0273,19929.9312,3390,290,3390,3376,291,3376,12.84774194,0.001665334,2,4.816137794,4.771164254,34.35578049,28.29,7714.812077,6095.68453
9,45,155,145,0,37.44512195,0,0.745,38.19012195,0.233,1695,31.45,19929.9312,19651.5325,3376,291,3376,3322,293,3322,13.0137931,0.001600384,2,4.771164254,4.726190714,40.3377561,33.19,8131.668621,7714.812077
9,46,145,140,0,34.62195122,0,0.81,35.43195122,0.243,1677,29.2,19651.5325,18725.96,3322,293,3322,3440,302,3440,12.51428571,0.001559333,3,4.726190714,4.681217175,38.19012195,31.45,8025.411429,8131.668621
9,47,140,105,0,32.0902439,0,0.646,32.7362439,0.243,1687,26.96,18725.96,16209.4304,3440,302,3440,3430,290,3430,15.40571429,0.001663229,2,4.681217175,4.636243635,35.43195122,29.2,9262.531657,8025.411429
9,48,105,145,0,37.46341463,0,0.73,38.19341463,0.243,1667,31.45,16209.4304,20118.565,3430,290,3430,3305,308,3305,13.0137931,0.001563233,3,4.636243635,4.591270095,32.7362439,26.96,8324.923448,9262.531657
9,49,145,275,0,37.43292683,0,0.755,38.18792683,0.234,1688,31.45,20118.565,20270.783,3305,308,3305,3277,308,3277,6.861818182,0.001551494,3,4.591270095,4.546296556,38.19341463,31.45,4422.716291,8324.923448
9,50,275,120,0,33.38414634,0,0.705,34.08914634,0.224,1669,28.08,20270.783,17248.14,3277,308,3277,3317,308,3317,14.04,0.001628002,3,4.546296556,4.501323016,38.18792683,31.45,8624.07,4422.716291
9,51,120,120,0,33.40853659,0,0.685,34.09353659,0.233,1664,28.08,17248.14,17149.86,3317,308,3317,3367,318,3367,14.04,0.001637331,5,4.501323016,4.456349476,34.08914634,28.08,8574.93,8624.07
9,52,120,150,0,38.89634146,0,0.675,39.57134146,0.255,1677,32.57,17149.86,19870.6313,3367,318,3367,3341,320,3341,13.028,0.001639102,5,4.456349476,4.411375937,34.09353659,28.08,7948.25252,8574.93
9,53,150,250,0,38.84146341,0,0.72,39.56146341,0.261,1677,32.57,19870.6313,20434.7437,3341,320,3341,3473,330,3473,7.8168,0.001593854,6,4.411375937,4.366402397,39.57134146,32.57,4904.338488,7948.25252
9,54,250,115,0,32.73780488,0,0.675,33.41280488,0.237,1690,27.52,20434.7437,16301.1968,3473,330,3473,3388,312,3388,14.35826087,0.00168822,4,4.366402397,4.321428857,39.56146341,32.57,8504.972243,4904.338488
9,55,115,120,0,33.68536585,0,0.668,34.35336585,0.256,1651,28.29,16301.1968,17342.0529,3388,312,3388,3390,333,3390,14.145,0.001631295,6,4.321428857,4.276455317,33.41280488,27.52,8671.02645,8504.972243
9,56,120,105,0,31.98780488,0,0.73,32.71780488,0.274,1659,26.96,17342.0529,15447.2712,3390,333,3390,3566,313,3566,15.40571429,0.001745292,5,4.276455317,4.231481778,34.35336585,28.29,8827.012114,8671.02645
9,57,105,105,0,29.17073171,0,0.56,29.73073171,0.217,1661,24.48,15447.2712,15114.6864,3566,313,3566,3580,305,3580,13.98857143,0.001619617,4,4.231481778,4.186508238,32.71780488,26.96,8636.963657,8827.012114
9,58,105,115,0,29.43902439,0,0.57,30.00902439,0.234,1651,24.71,15114.6864,15403.9669,3580,305,3580,3403,314,3403,12.89217391,0.001604132,5,4.186508238,4.141534698,29.73073171,24.48,8036.852296,8636.963657
9,59,115,130,0,34.83536585,0,0.635,35.47036585,0.249,1679,29.2,15403.9669,18231.02,3403,314,3403,3366,362,3366,13.47692308,0.001601666,8,4.141534698,4.096561159,30.00902439,24.71,8414.316923,8036.852296
9,60,130,110,0,31.12804878,0,0.585,31.71304878,0.236,1652,26.11,18231.02,15492.6296,3366,362,3366,3498,328,3498,14.24181818,0.001685318,6,4.096561159,4.051587619,35.47036585,29.2,8450.525236,8414.316923
9,61,110,105,0,30.07926829,0,0.365,30.44426829,0.212,1650,25.03,15492.6296,15293.33,3498,328,3498,3428,351,3428,14.30285714,0.001636661,8,4.051587619,4.006614079,31.71304878,26.11,8739.045714,8450.525236
9,62,105,145,0,37.48780488,0,0.71,38.19780488,0.226,1701,31.45,15293.33,19974.524,3428,351,3428,3210,368,3210,13.0137931,0.001574506,8,4.006614079,3.96164054,30.44426829,25.03,8265.320276,8739.045714
9,63,145,110,0,29.92073171,0,0.735,30.65573171,0.229,1666,25.27,19974.524,15896.8516,3210,368,3210,3210,368,3210,13.78363636,0.001589623,8,3.96164054,3.916667,38.19780488,31.45,8671.009964,8265.320276
